club_team,league,league_level,club_tier
1. FC Union Berlin,Other,3,3
1. FSV Mainz 05,GER,1,2
AC Milan,Other,1,1
AC Omonia,Other,3,3
AC Sparta Praha,Other,3,3
ACF Fiorentina,Other,3,3
AE Kifisia FC,Other,3,3
AEK Athens,Other,3,3
AEK Larnaca FC,Other,3,3
AEL FC,Other,3,3
AEL Limassol,Other,3,3
AFC Ajax,Other,3,3
AFC Bournemouth,ENG,1,2
AIK Stockholm,Other,3,3
AJ Auxerre,Other,3,3
APOEL FC,Other,3,3
AS Monaco,FRA,1,2
AS Nancy,Other,3,3
AS Roma,ITA,1,2
AS Saint-Etienne,Other,3,3
ASFAR,Other,3,3
AZ Alkmaar,Other,3,3
Aarhus GF,Other,3,3
Abha Club,Other,3,3
Al Ahli FC,KSA,2,2
Al Ahly FC,EGY,2,2
Al Ain FC,Other,3,3
Al Arabi SC,Other,3,3
Al Bataeh Club,Other,3,3
Al Dhafra SCC,Other,3,3
Al Duhail SC,QAT,2,2
Al Ettifaq FC,Other,3,3
Al Faisaly SC,Other,3,3
Al Fateh SC,Other,3,3
Al Fayha FC,Other,3,3
Al Gharafa SC,Other,3,3
Al Hilal SC,KSA,2,2
Al Hussein SC,QAT,2,2
Al Ittihad,Other,3,3
Al Ittihad Kalba SCC,Other,3,3
Al Jazira,Other,3,3
Al Karma SC,Other,3,3
Al Najmah SC,Other,3,3
Al Nasr SC,Other,3,3
Al Nassr FC,KSA,2,2
Al Qadsiah FC,KSA,2,2
Al Rayyan SC,Other,3,3
Al Sadd SC,QAT,2,2
Al Sailiya SC,Other,3,3
Al Shabab FC,Other,3,3
Al Shamal SC,Other,3,3
Al Shorta SC,Other,3,3
Al Talaba SC,Other,3,3
Al Ula Saudi FC,Other,3,3
Al Wahda SC,Other,3,3
Al Wahdat SC,Other,3,3
Al Wakrah SC,Other,3,3
Al Zawra'a SC,Other,3,3
Al-Quwa Al-Jawiya,Other,3,3
Alanyaspor,Other,3,3
Albirex Niigata,Other,3,3
Almere City FC,Other,3,3
Angers SCO,Other,3,3
Apollon Limassol,Other,3,3
Aris Limassol FC,Other,3,3
Arsenal FC,ENG,1,1
Aston Villa FC,ENG,1,1
Atalanta Bergamo,Other,1,1
Athletic Club,Other,3,3
Athletico Paranaense,Other,3,3
Atlanta United FC,Other,3,3
Atlas FC,Other,3,3
Atlético De Madrid,ESP,1,1
Atlético Mineiro,Other,3,3
Atlético Nacional,Other,3,3
Atromitos FC,Other,3,3
Auckland FC,NZL,2,2
Austin FC,Other,3,3
BSC Young Boys,SUI,2,2
Ba ş ak ş ehir FK,TUR,2,2
Baniyas Club,Other,3,3
Barnsley,Other,3,3
Bayer 04 Leverkusen,GER,1,1
Be ş ikta ş  JK,Other,3,3
Birmingham City FC,Other,3,3
Bologna FC,ITA,1,2
Borussia Dortmund,GER,1,1
Borussia Mönchengladbach,GER,1,2
Botafogo,Other,3,3
Braintree Town FC,Other,3,3
Brentford FC,Other,3,3
Brighton & Hove Albion FC,ENG,1,2
Brøndby IF,Other,3,3
Burnley FC,ENG,1,2
CA Boca Juniors,Other,3,3
CA Huracán,Other,3,3
CA Independiente,Other,3,3
CA Lanús,Other,3,3
CA Osasuna,Other,3,3
CA River Plate,ARG,2,2
CA Rosario Central,Other,3,3
CA San Lorenzo,Other,3,3
CA Talleres,Other,3,3
CA Vélez Sarsfield,Other,3,3
CD Castellón,Other,3,3
CD Cobresal,Other,3,3
CD Guadalajara,MEX,2,2
CD Marathón,Other,3,3
CD Plaza Amador,Other,3,3
CD Tondela,Other,3,3
CD Universidad Católica,Other,3,3
CD Universidad De Concepción,Other,3,3
CF Cruz Azul,Other,3,3
CF Estrela Da Amadora,Other,3,3
CF Monterrey,Other,3,3
CF Pachuca,Other,3,3
CR Flamengo,BRA,2,2
CR Vasco Da Gama,Other,3,3
CS Independiente Rivadavia,Other,3,3
CS Sfaxien,Other,3,3
Cagliari,Other,3,3
Casa Pia AC,Other,3,3
Celtic FC,SCO,2,2
Cercle Brugge,Other,3,3
Cerro Porteño,Other,3,3
Charlotte FC,Other,3,3
Charlton Athletic FC,Other,3,3
Chelsea FC,ENG,1,1
Chicago Fire FC,Other,3,3
Club Africain,Other,3,3
Club América,Other,3,3
Club Brugge,BEL,2,2
Club León,Other,3,3
Club Nacional,Other,3,3
Club Olimpia,Other,3,3
Club Santos Laguna,Other,3,3
Club Tijuana,Other,3,3
Colorado Rapids,Other,3,3
Colorado Springs Switchbacks FC,Other,3,3
Columbus Crew,Other,3,3
Como,Other,3,3
Coventry City FC,Other,3,3
Crystal Palace FC,ENG,1,2
Cultural Leonesa,Other,3,3
Daejeon Hana Citizen FC,Other,3,3
Deportivo La Guaira,Other,3,3
Deportivo Saprissa,Other,3,3
Deportivo Toluca FC,Other,3,3
Derby County FC,Other,3,3
Dibba FC,Other,3,3
Eintracht Frankfurt,GER,1,2
El Gouna FC,Other,3,3
El Paso Locomotive FC,Other,3,3
Elche CF,Other,3,3
Espérance De Tunisie,Other,3,3
Esteghlal Tehran FC,Other,3,3
Estudiantes LP,Other,3,3
Everton FC,Other,3,3
FC Akron Tolyatti,Other,3,3
FC Astana,Other,3,3
FC Augsburg,Other,3,3
FC Barcelona,ESP,1,1
FC Bayern München,GER,1,1
FC Cincinnatti,Other,3,3
FC Cosmos Koblenz,Other,3,3
FC Dallas,Other,3,3
FC Den Bosch,Other,3,3
FC Dynamo Makhachkala,Other,3,3
FC Dynamo Moscow,Other,3,3
FC FCSB,Other,3,3
FC Hradec Králové,Other,3,3
FC Internazionale Milano,Other,1,1
FC Juárez,Other,3,3
FC Krasnodar,Other,3,3
FC København,Other,3,3
FC Lokomotiv Moscow,Other,3,3
FC Lorient,Other,3,3
FC Lugano,Other,3,3
FC Machida Zelvia,Other,3,3
FC Midtjylland,Other,3,3
FC Nantes,Other,3,3
FC Noah,Other,3,3
FC Nordsjælland,Other,3,3
FC Pari Nizhny Novgorod,Other,3,3
FC Porto,Other,3,3
FC Red Bull Salzburg,Other,3,3
FC Rostov,Other,3,3
FC Schalke 04,Other,3,3
FC Seoul,Other,3,3
FC Slovan Liberec,Other,3,3
FC Sochaux-Montbéliard,Other,3,3
FC Spartak Moscow,Other,3,3
FC St. Gallen,Other,3,3
FC St. Pauli,Other,3,3
FC Stade Nyonnais,Other,3,3
FC Tatran Pre š ov,Other,3,3
FC Tokyo,Other,3,3
FC Twente,Other,3,3
FC Utrecht,Other,3,3
FC Viktoria Plze ň,CZE,2,2
FC Vizela,Other,3,3
FC Volendam,Other,3,3
FC Zenit St. Petersburg,Other,3,3
FC Zürich,Other,3,3
FCV Dender EH,Other,3,3
FK Austria Wien,Other,3,3
FK Bodø/Glimt,Other,3,3
FK Borac Banja Luka,Other,3,3
FK Buxoro,Other,3,3
FK Crvena Zvezda,Other,3,3
FK Dinamo Samarkand,Other,3,3
FK Neftchi Farg'ona,Other,3,3
Fenerbahçe SK,TUR,2,2
Ferencvárosi TC,Other,3,3
Feyenoord Rotterdam,NED,2,2
Fluminense FC,Other,3,3
Foolad Khuzestan FC,Other,3,3
Fortuna Düsseldorf,Other,3,3
Frosinone,Other,3,3
Fulham FC,ENG,1,2
GD Chaves,Other,3,3
GNK Dinamo Zagreb,Other,3,3
Galatasaray SK,TUR,2,2
Gangwon FC,Other,3,3
Gaziantep FK,Other,3,3
Genoa CFC,Other,3,3
Gil Vicente FC,Other,3,3
Girona FC,Other,3,3
Granada CF,Other,3,3
Grazer AK,Other,3,3
Grêmio FBPA,Other,3,3
Györi ETO FC,Other,3,3
HNK Hajduk Split,Other,3,3
HNK Rijeka,Other,3,3
Hamburger SV,Other,3,3
Hannover 96,Other,3,3
Hapoel Kiryat Shmona FC,Other,3,3
Heart Of Midlothian FC,Other,3,3
Hearts Of Oak SC,Other,3,3
Hellas Verona FC,Other,3,3
Hibernian FC,Other,3,3
Holstein Kiel,Other,3,3
Hull City FC,Other,3,3
I ğ dır FK,Other,3,3
IFK Norrköping FK,Other,3,3
Independiente Del Valle,Other,3,3
Inter Miami CF,Other,3,3
Ipswich Town FC,Other,3,3
JS Kabylie,Other,3,3
Jagiellonia Bia ł ystok,Other,3,3
Jeonbuk Hyundai Motors FC,Other,3,3
Juventus FC,Other,1,1
KAA Gent,Other,3,3
KRC Genk,Other,3,3
KS Cracovia,Other,3,3
KV Mechelen,Other,3,3
Kaizer Chiefs FC,Other,3,3
Karlsruher SC,Other,3,3
Kashima Antlers,Other,3,3
Kasımpa ş a SK,Other,3,3
Kayserispor,Other,3,3
Kilmarnock FC,Other,3,3
Konyaspor,Other,3,3
LAFC,Other,3,3
LASK Linz,Other,3,3
LDU Quito,Other,3,3
Le Havre AC,Other,3,3
Lechia Gda ń sk,Other,3,3
Leeds United FC,Other,3,3
Leicester City FC,Other,3,3
Levante UD,Other,3,3
Lille OSC,FRA,1,2
Liverpool FC,ENG,1,1
Luton Town FC,Other,3,3
Maccabi Haifa FC,Other,3,3
Maccabi Tel-Aviv FC,Other,3,3
Malavan Anzali FC,Other,3,3
Malmö FF,Other,3,3
Mamelodi Sundowns FC,RSA,2,2
Manchester City FC,ENG,1,1
Manchester United FC,ENG,1,2
Mazatlán FC,Other,3,3
Melbourne City FC,Other,3,3
Melbourne Victory FC,Other,3,3
Miami FC,Other,3,3
Middlesbrough FC,Other,3,3
Millwall FC,Other,3,3
Minnesota United FC,Other,3,3
Mjällby AIF,Other,3,3
Molde FK,Other,3,3
Montpellier HSC,Other,3,3
Motherwell FC,Other,3,3
NEC Nijmegen,Other,3,3
NK Maribor,Other,3,3
Nasaf Qarshi FC,Other,3,3
Nashville SC,Other,3,3
Neom SC,Other,3,3
New England Revolution,Other,3,3
New York City FC,Other,3,3
Newcastle United FC,ENG,1,1
Newcastle United Jets FC,Other,3,3
Norwich City FC,ENG,1,2
Nottingham Forest FC,ENG,1,2
OGC Nice,FRA,1,2
OKMK FK,Other,3,3
Olympiacos FC,Other,3,3
Olympique Lyonnais,FRA,1,2
Olympique Marseille,FRA,1,2
Orlando City SC,Other,3,3
Orlando Pirates FC,RSA,2,2
PAOK Saloniki,Other,3,3
PEC Zwolle,Other,3,3
PFC Ludogorets Razgrad,Other,3,3
PFC Montana,Other,3,3
PFC Navbahor Namangan,Other,3,3
PSV Eindhoven,NED,2,2
Pafos FC,Other,3,3
Pakhtakor Tashkent FK,Other,3,3
Panathinaikos FC,Other,3,3
Paris FC,Other,3,3
Paris Saint-Germain,FRA,1,1
Parma,Other,3,3
Persepolis FC,IRN,2,2
Persib Bandung,Other,3,3
Philadelphia Union,Other,3,3
Pisa SC,Other,3,3
Pogo ń  Szczecin,Other,3,3
Polokwane City FC,Other,3,3
Port FC,Other,3,3
Port Vale FC,Other,3,3
Portland Timbers,Other,3,3
Portsmouth FC,Other,3,3
Puerto Cabello CF,Other,3,3
Pumas UNAM,Other,3,3
Puskás Akadémia FC,Other,3,3
Pyramids FC,Other,3,3
Qatar SC,Other,3,3
RB Leipzig,GER,1,2
RC Celta Vigo,Other,3,3
RC Lens,Other,3,3
RC Strasbourg,FRA,1,2
RCD Espanyol,Other,3,3
RCD Mallorca,Other,3,3
RKC Waalwijk,Other,3,3
RS Berkane,Other,3,3
RSC Anderlecht,Other,3,3
Racing Santander,Other,3,3
Raja Casablanca,Other,3,3
Randers FC,Other,3,3
Rangers FC,SCO,2,2
Rayo Vallecano,Other,3,3
Real Betis,ESP,1,2
Real Madrid C. F.,ESP,1,1
Real Oviedo,Other,3,3
Real Salt Lake,Other,3,3
Real Sociedad,ESP,1,2
Red Bull Bragantino,Other,3,3
Rotherham United FC,Other,3,3
Royal Antwerp FC,Other,3,3
Royale Union Saint-Gilloise,Other,3,3
SC Bastia,Other,3,3
SC Braga,Other,3,3
SC Corinthians,Other,3,3
SC Farense,Other,3,3
SC Freiburg,Other,3,3
SC Heracles Almelo,Other,3,3
SC Internacional,Other,3,3
SC Telstar,Other,3,3
SCU Torreense,Other,3,3
SE Palmeiras,BRA,2,2
SJK,Other,3,3
SK Beveren,Other,3,3
SK Slavia Praha,CZE,2,2
SK Sturm Graz,Other,3,3
SL Benfica,POR,2,2
SSC Napoli,Other,3,3
SV Werder Bremen,Other,3,3
SV Zulte Waregem,Other,3,3
Samsunspor,Other,3,3
San Diego FC,Other,3,3
Sanfrecce Hiroshima,Other,3,3
Santos FC,Other,3,3
Sarpsborg 08 FF,Other,3,3
Seattle Sounders FC,Other,3,3
Selangor FC,Other,3,3
Sepahan SC,Other,3,3
Servette FC,Other,3,3
Sevilla FC,Other,3,3
Shabab Al Ahli Club,Other,3,3
Shamrock Rovers FC,Other,3,3
Shefield United FC,Other,3,3
Silkeborg IF,Other,3,3
Sint-Truiden VV,Other,3,3
Siwelele FC,Other,3,3
Southampton FC,Other,3,3
Sparta Rotterdam,Other,3,3
Sporting CP,POR,2,2
Sporting Charleroi,Other,3,3
St Patrick's Athletic FC,Other,3,3
Stade Reims,Other,3,3
Stade Rennais FC,Other,3,3
Standard Liège,Other,3,3
Stoke City FC,Other,3,3
Sunderland AFC,ENG,1,2
Surkhon FK,Other,3,3
Swansea City AFC,Other,3,3
Sydney FC,Other,3,3
São Paulo FC,Other,3,3
TSG Hoffenheim,GER,1,2
Terengganu FC,Other,3,3
Tigres UANL,Other,3,3
Torino FC,Other,3,3
Toronto FC,Other,3,3
Tottenham Hotspur FC,ENG,1,1
Toulouse FC,Other,3,3
Trabzonspor,Other,3,3
Tractor Sazi Tabriz FC,Other,3,3
Turan Tovuz,Other,3,3
UC Sampdoria,Other,3,3
US Cremonese,Other,3,3
US Monastir,Other,3,3
US Sassuolo,Other,3,3
USM Alger,Other,3,3
Udinese,Other,3,3
Ulsan HD,Other,3,3
Universitatea Cluj,Other,3,3
VVV Venlo,Other,3,3
Valencia CF,Other,3,3
Vancouver Whitecaps FC,Other,3,3
Venezia FC,Other,3,3
VfB Stuttgart,GER,1,2
VfL Wolfsburg,GER,1,2
Viking Stavanger,Other,3,3
Villarreal CF,ESP,1,2
Violette AC,Other,3,3
Vitória SC,Other,3,3
WS Wanderers FC,Other,3,3
Watford FC,Other,3,3
Wellington Phoenix FC,Other,3,3
West Ham United FC,ENG,1,2
Widzew Ł ód ź,Other,3,3
Wolfsberger AC,Other,3,3
Wolverhampton Wanderers FC,ENG,1,2
Wrexham AFC,Other,3,3
ZED FC,Other,3,3
Zamalek SC,Other,3,3
Zhejiang FC,Other,3,3
Çaykur Rizespor,Other,3,3
Étoile Du Sahel,Other,3,3
Š K Slovan Bratislava,Other,3,3
