position,player_name,team,minutes,score,value_eurm
GK,Lawrence Ati Zigi,Ghana,189,89.0,1.5
DEF,Pedro Antonio Porro,Spain,579,85.7,90.7
DEF,Achraf Hakimi,Morocco,581,82.1,80.0
DEF,Cristian Gabriel Romero,Argentina,639,82.4,45.0
DEF,Hany Gamal Mohamed Hany,Egypt,503,80.6,9.2
MID,Moisés Isaac Caicedo,Ecuador,370,77.4,14.3
MID,Malik Leon Tillman,USA,378,80.4,30.0
MID,Elliot Junior Anderson,England,649,80.6,75.0
FWD,Masour Ousmane Dembele,France,597,85.0,100.0
FWD,Kylian Mbappe,France,720,85.1,180.0
FWD,Lionel Andrés Messi,Argentina,765,88.2,15.0
