,goals_p90,assists_p90,shots_p90,shots_on_target_p90,passes_p90,accurate_passes_p90,crosses_p90,tackles_p90,interceptions_p90,clearances_p90,blocks_p90,recoveries_p90,duels_won_p90,aerial_duels_won_p90,dribbles_attempted_p90,fouls_committed_p90,fouls_won_p90,offsides_p90
goals_p90,1.0,0.051,0.198,0.644,-0.086,-0.094,-0.007,-0.052,-0.019,-0.084,-0.047,-0.071,-0.014,-0.015,0.018,-0.024,0.038,0.016
assists_p90,0.051,1.0,0.069,0.074,-0.039,-0.035,0.011,-0.007,-0.043,-0.045,-0.045,-0.074,-0.04,-0.039,0.07,0.011,0.01,-0.013
shots_p90,0.198,0.069,1.0,0.321,0.089,-0.002,0.105,0.039,-0.043,0.019,0.004,0.019,0.534,0.536,0.079,0.01,0.081,0.014
shots_on_target_p90,0.644,0.074,0.321,1.0,-0.123,-0.127,0.025,-0.01,-0.049,-0.097,-0.048,-0.093,0.005,0.001,0.108,0.085,0.043,0.053
passes_p90,-0.086,-0.039,0.089,-0.123,1.0,0.974,0.358,0.14,0.17,0.355,0.22,0.325,0.077,0.081,0.224,0.04,0.108,-0.039
accurate_passes_p90,-0.094,-0.035,-0.002,-0.127,0.974,1.0,0.27,0.1,0.19,0.354,0.239,0.321,0.025,0.028,0.189,0.055,0.093,-0.031
crosses_p90,-0.007,0.011,0.105,0.025,0.358,0.27,1.0,0.193,-0.025,0.139,0.039,0.129,0.011,0.015,0.511,0.286,0.199,-0.018
tackles_p90,-0.052,-0.007,0.039,-0.01,0.14,0.1,0.193,1.0,-0.019,0.201,0.06,0.202,0.017,0.019,0.073,0.25,0.087,0.006
interceptions_p90,-0.019,-0.043,-0.043,-0.049,0.17,0.19,-0.025,-0.019,1.0,0.042,0.011,0.438,-0.026,-0.025,-0.054,-0.04,0.53,-0.037
clearances_p90,-0.084,-0.045,0.019,-0.097,0.355,0.354,0.139,0.201,0.042,1.0,0.503,0.566,0.107,0.107,-0.105,-0.007,0.096,-0.004
blocks_p90,-0.047,-0.045,0.004,-0.048,0.22,0.239,0.039,0.06,0.011,0.503,1.0,0.634,0.006,0.008,-0.022,-0.004,0.004,-0.038
recoveries_p90,-0.071,-0.074,0.019,-0.093,0.325,0.321,0.129,0.202,0.438,0.566,0.634,1.0,0.058,0.06,-0.047,-0.022,0.412,-0.055
duels_won_p90,-0.014,-0.04,0.534,0.005,0.077,0.025,0.011,0.017,-0.026,0.107,0.006,0.058,1.0,0.998,-0.072,0.004,0.03,0.257
aerial_duels_won_p90,-0.015,-0.039,0.536,0.001,0.081,0.028,0.015,0.019,-0.025,0.107,0.008,0.06,0.998,1.0,-0.07,0.002,0.03,0.258
dribbles_attempted_p90,0.018,0.07,0.079,0.108,0.224,0.189,0.511,0.073,-0.054,-0.105,-0.022,-0.047,-0.072,-0.07,1.0,0.105,0.06,-0.01
fouls_committed_p90,-0.024,0.011,0.01,0.085,0.04,0.055,0.286,0.25,-0.04,-0.007,-0.004,-0.022,0.004,0.002,0.105,1.0,-0.036,-0.024
fouls_won_p90,0.038,0.01,0.081,0.043,0.108,0.093,0.199,0.087,0.53,0.096,0.004,0.412,0.03,0.03,0.06,-0.036,1.0,-0.017
offsides_p90,0.016,-0.013,0.014,0.053,-0.039,-0.031,-0.018,0.006,-0.037,-0.004,-0.038,-0.055,0.257,0.258,-0.01,-0.024,-0.017,1.0
