column,missing_pct,dtype
player_id,0.0,int64
player_name,0.0,str
position,0.0,str
team,0.0,str
nationality,0.0,str
matches,0.0,int64
minutes,0.0,int64
total_goals,0.0,int64
goals_p90,0.0,float64
goals_p90_shrunk,0.0,float64
total_assists,0.0,int64
assists_p90,0.0,float64
assists_p90_shrunk,0.0,float64
total_shots,0.0,int64
shots_p90,0.0,float64
shots_p90_shrunk,0.0,float64
total_shots_on_target,0.0,int64
shots_on_target_p90,0.0,float64
shots_on_target_p90_shrunk,0.0,float64
total_passes,0.0,int64
passes_p90,0.0,float64
passes_p90_shrunk,0.0,float64
total_accurate_passes,0.0,int64
accurate_passes_p90,0.0,float64
accurate_passes_p90_shrunk,0.0,float64
total_crosses,0.0,int64
crosses_p90,0.0,float64
crosses_p90_shrunk,0.0,float64
total_tackles,0.0,int64
tackles_p90,0.0,float64
tackles_p90_shrunk,0.0,float64
total_interceptions,0.0,int64
interceptions_p90,0.0,float64
interceptions_p90_shrunk,0.0,float64
total_clearances,0.0,int64
clearances_p90,0.0,float64
clearances_p90_shrunk,0.0,float64
total_blocks,0.0,int64
blocks_p90,0.0,float64
blocks_p90_shrunk,0.0,float64
total_recoveries,0.0,int64
recoveries_p90,0.0,float64
recoveries_p90_shrunk,0.0,float64
total_duels_won,0.0,int64
duels_won_p90,0.0,float64
duels_won_p90_shrunk,0.0,float64
total_aerial_duels_won,0.0,int64
aerial_duels_won_p90,0.0,float64
aerial_duels_won_p90_shrunk,0.0,float64
total_dribbles_attempted,0.0,int64
dribbles_attempted_p90,0.0,float64
dribbles_attempted_p90_shrunk,0.0,float64
total_fouls_committed,0.0,int64
fouls_committed_p90,0.0,float64
fouls_committed_p90_shrunk,0.0,float64
total_fouls_won,0.0,int64
fouls_won_p90,0.0,float64
fouls_won_p90_shrunk,0.0,float64
total_offsides,0.0,int64
offsides_p90,0.0,float64
offsides_p90_shrunk,0.0,float64
pass_accuracy_pct,1.64,float64
