,0
age2,1.4376924786215446
age,0.8617608643703466
minutes,0.38773886071330477
passes_p90,0.31760367233151465
clearances_p90,0.2532400134044131
caps,0.20742627525548887
shots_p90,0.16435437723011603
position_GK,0.14056131531128194
total_goals,0.0880062865540309
position_FWD,0.07471139001293474
assists_p90,0.06602177063651923
position_DEF,0.048799972660933534
position_MID,0.037544937620660454
total_assists,0.03749205873028069
shots_on_target_p90,0.03195821458745381
tackles_p90,0.021962647105907347
goals_p90,0.021133727026206042
interceptions_p90,0.016742980193983382
