player_id,player_name,team,position,age,current_value,model_estimated_value,model_gap_abs,model_gap_pct
695,Ali Nemati,IR Iran,DEF,30,25000,2784223.0,2759223.0,11036.9
47,Ime Daniel Okon,South Africa,DEF,22,450000,21388260.0,20938260.0,4652.9
275,Ruben Fritzner Providence,Haiti,FWD,25,300000,9546749.0,9246749.0,3082.2
1116,Behruzjon Karimov,Uzbekistan,DEF,19,350000,9314015.0,8964015.0,2561.1
450,Livano Shyron Liomar Comenencia,Curaçao,MID,22,500000,11763588.0,11263588.0,2252.7
712,Sarpreet Singh,New Zealand,MID,27,500000,8281605.0,7781605.0,1556.3
268,Martin Yves Roberns Didier Experience,Haiti,DEF,27,400000,6485765.0,6085765.0,1521.4
863,Idrissa Gana Gueye,Senegal,MID,37,500000,7859588.0,7359588.0,1471.9
693,Arya Yousefi,IR Iran,DEF,24,450000,6790650.0,6340650.0,1409.0
325,Timothy Michael Ream,USA,DEF,39,150000,2020854.0,1870854.0,1247.2
126,Richmond Mamah Laryea,Canada,DEF,31,1000000,12645705.0,11645705.0,1164.6
276,Lenny Alvin Pico Joseph,Haiti,FWD,26,500000,6238925.0,5738925.0,1147.8
38,Thapelo Maseko,South Africa,FWD,23,1200000,14823685.0,13623685.0,1135.3
1212,Benjamin Asare,Ghana,GK,34,100000,1205433.0,1105433.0,1105.4
39,Sphephelo S'miso Sithole,South Africa,MID,27,600000,7140476.0,6540476.0,1090.1
143,Ivan Basic,Bosnia and Herzegovina,MID,24,1500000,17722867.0,16222867.0,1081.5
291,Grant Campbell Hanley,Scotland,DEF,35,200000,2348566.0,2148566.0,1074.3
602,Omar Rekik,Tunisia,DEF,25,600000,6586932.0,5986932.0,997.8
704,Timothy John Payne,New Zealand,DEF,32,350000,3837177.0,3487177.0,996.3
357,Julio Cesar Enciso,Paraguay,FWD,22,3137207,32634725.0,29497518.0,940.2
920,Martín Odegaard,Norway,MID,28,6777131,60979185.0,54202054.0,799.8
1067,Lionel Nzau Mpasi,Congo DR,GK,32,400000,3415890.0,3015890.0,754.0
447,Sherel Constancio Floranus,Curaçao,DEF,28,800000,6780188.0,5980188.0,747.5
964,Aissa Mandi,Algeria,DEF,35,1000000,8319611.0,7319611.0,732.0
380,Aziz Behich,Australia,DEF,36,250000,2072673.0,1822673.0,729.1
1118,Jakhongir Urozov,Uzbekistan,DEF,22,600000,4614486.0,4014486.0,669.1
328,Alexander Michael Freeman,USA,DEF,22,3500000,26729194.0,23229194.0,663.7
382,Patrick Thomas Beach,Australia,GK,23,1000000,7542839.0,6542839.0,654.3
713,Elijah Henry Just,New Zealand,MID,26,2500000,17528174.0,15028174.0,601.1
387,Nishan Matthew Velupillay,Australia,FWD,25,650000,4497061.0,3847061.0,591.9
55,Gihyuk Lee,Korea Republic,MID,26,800000,5462253.0,4662253.0,582.8
1228,Cristian Jesus Martinez,Panama,MID,29,800000,5437801.0,4637801.0,579.7
607,Hazem Mastouri,Tunisia,FWD,29,900000,6116216.0,5216216.0,579.6
1074,Samuel Alain Moutoussamy,Congo DR,MID,30,1200000,7941901.0,6741901.0,561.8
388,Paul Michael Junior Okon-Engstler,Australia,MID,21,1200000,7888428.0,6688428.0,557.4
372,Connor Isaac Metcalfe,Australia,MID,27,1500000,9760615.0,8260615.0,550.7
368,Jacob Michael Italiano,Australia,DEF,25,600000,3764318.0,3164318.0,527.4
946,Lionel Andrés Messi,Argentina,FWD,39,15000000,93437958.0,78437958.0,522.9
513,Gonzalo Jordy Plata,Ecuador,FWD,26,4381410,27282197.0,22900787.0,522.7
33,Oswin Reagan Appollis,South Africa,FWD,25,2500000,15382563.0,12882563.0,515.3
43,Sekotori Evidence Makgopa,South Africa,FWD,26,1400000,8483058.0,7083058.0,505.9
672,Mohamed Abdelsalam Omar,Egypt,FWD,27,3005275,17654596.0,14649321.0,487.5
264,Ricardo Ade,Haiti,DEF,36,300000,1761045.0,1461045.0,487.0
1098,Akmal Mozgovoy,Uzbekistan,MID,27,1400000,8210824.0,6810824.0,486.5
941,Leandro Daniel Paredes,Argentina,MID,32,5000000,28869833.0,23869833.0,477.4
680,Shojae Khalilzadeh,IR Iran,DEF,37,200000,1066492.0,866492.0,433.2
1101,Odiljon Xamrobekov,Uzbekistan,MID,30,1000000,5322253.0,4322253.0,432.2
915,David Møller Moller Wolfe,Norway,DEF,24,3655296,19379958.0,15724662.0,430.2
30,Teboho Mokoena,South Africa,MID,29,2800000,14586127.0,11786127.0,420.9
443,Eloy Victor Room,Curaçao,GK,37,200000,1028189.0,828189.0,414.1
466,Deveron Lenny Fonville,Curaçao,DEF,23,1500000,7707103.0,6207103.0,413.8
658,Ashour Metwaly Emam,Egypt,MID,28,4161395,21190589.0,17029194.0,409.2
445,Juriën Godfried Juan Gaari,Curaçao,DEF,33,450000,2205654.0,1755654.0,390.1
718,Finn Surman,New Zealand,DEF,23,1800000,8784021.0,6984021.0,388.0
1075,Kibambe Brian Cipenga,Congo DR,FWD,28,2000000,9750493.0,7750493.0,387.5
710,Marko Seufatu Nikola Stamenic,New Zealand,MID,24,3000000,14472064.0,11472064.0,382.4
1099,Otabek Shukurov,Uzbekistan,MID,30,1500000,7199689.0,5699689.0,380.0
707,Michael Joseph Boxall,New Zealand,DEF,38,150000,712461.0,562461.0,375.0
46,Khuliso Johnson Mudau,South Africa,DEF,31,1200000,5683600.0,4483600.0,373.6
27,Ronwen Hayden Williams,South Africa,GK,34,800000,3785628.0,2985628.0,373.2
261,Johny Placide,Haiti,GK,38,250000,1179913.0,929913.0,372.0
1110,Abdulla Abdullaev,Uzbekistan,DEF,29,500000,2320042.0,1820042.0,364.0
1105,Sherzod Nasrullaev,Uzbekistan,DEF,28,1200000,5474959.0,4274959.0,356.2
40,Mbekezeli Mfanufikile Mbokazi,South Africa,DEF,21,3500000,15926759.0,12426759.0,355.1
599,Abdelmouhib Chamakh,Tunisia,GK,25,600000,2726522.0,2126522.0,354.4
303,Ben Gannon Gannon-Doak,Scotland,FWD,21,2918431,13241960.0,10323529.0,353.7
215,José Vinicius,Brazil,FWD,26,14812332,66578809.0,51766477.0,349.5
449,Juninho Gracielo Bacuna,Curaçao,MID,29,1700000,7421515.0,5721515.0,336.6
319,Giovanni Alejandro Reyna,USA,MID,24,4000000,17103425.0,13103425.0,327.6
167,Hassan Akram,Qatar,FWD,30,3305021,14087556.0,10782535.0,326.2
192,Granit Xhaka,Switzerland,MID,34,8000000,33776106.0,25776106.0,322.2
115,Liam Alan Millar,Canada,MID,27,1700000,7161839.0,5461839.0,321.3
985,Luca Zinedine Zidane,Algeria,GK,28,1000000,4062145.0,3062145.0,306.2
1023,Iyad Ali Ali Olwan,Jordan,FWD,26,4371693,17600089.0,13228396.0,302.6
54,Hanbeom Lee,Korea Republic,DEF,24,3000000,12017623.0,9017623.0,300.6
1184,Ivan Perisic,Croatia,FWD,37,1200000,4778389.0,3578389.0,298.2
1097,Rustamjon Ashurmatov,Uzbekistan,DEF,30,750000,2952602.0,2202602.0,293.7
1073,Nathanaël Mbuku,Congo DR,MID,24,2000000,7848393.0,5848393.0,292.4
36,Relebohile Mofokeng,South Africa,FWD,22,3000000,11650389.0,8650389.0,288.3
452,Leandro Jones Johan Bacuna,Curaçao,MID,35,900000,3445997.0,2545997.0,282.9
32,Aubrey Maphosa Modiba,South Africa,DEF,31,1800000,6786340.0,4986340.0,277.0
1244,Orlando Mosquera,Panama,GK,32,700000,2629461.0,1929461.0,275.6
31,Thalente Wandile Mbatha,South Africa,MID,26,2000000,7429646.0,5429646.0,271.5
1095,Khojiakbar Alijonov,Uzbekistan,DEF,29,1300000,4811248.0,3511248.0,270.1
1220,Ernest Nuamah Nuamah,Ghana,FWD,23,3963480,14421237.0,10457757.0,263.9
618,Yan Valery,Tunisia,DEF,27,1500000,5458224.0,3958224.0,263.9
242,Azz-Eddine Ounahi,Morocco,MID,26,10000000,36351564.0,26351564.0,263.5
1022,Mahmoud Ali Noor Alrawabdeh,Jordan,MID,29,2477372,8978599.0,6501227.0,262.4
1038,Ahmad Ali Ali Azaizeh,Jordan,FWD,22,2374004,8372475.0,5998471.0,252.7
1219,Derrick Luckassen,Ghana,DEF,31,1200000,4208847.0,3008847.0,250.7
873,Krepin Diatta,Senegal,DEF,27,6000000,20844450.0,14844450.0,247.4
287,Angus Fraser James Gunn,Scotland,GK,30,1000000,3471887.0,2471887.0,247.2
124,Ali Ahmed,Canada,FWD,26,3000000,10413455.0,7413455.0,247.1
768,Deroy Deroy Duarte,Cabo Verde,MID,27,2124154,7351938.0,5227784.0,246.1
1109,Dostonbek Khamdamov,Uzbekistan,MID,30,900000,3101759.0,2201759.0,244.6
696,Shahriyar Moghanloo,IR Iran,FWD,32,900000,3096618.0,2196618.0,244.1
102,Alexandr Sojka,Czechia,MID,23,2300000,7874997.0,5574997.0,242.4
911,Ørjan Haskjold Nyland,Norway,GK,36,800000,2615543.0,1815543.0,226.9
969,Riyad Karim Mahrez,Algeria,FWD,35,5000000,16203745.0,11203745.0,224.1
595,Bo Kristoffer Nordfeldt,Sweden,GK,37,175000,566283.0,391283.0,223.6
1025,Burhan Shehadeh Odeh Fakhoury,Jordan,FWD,21,2889178,9311807.0,6422629.0,222.3
154,Arjan Malic,Bosnia and Herzegovina,DEF,21,1800000,5750558.0,3950558.0,219.5
1204,Kwasi Sibo,Ghana,MID,28,1400000,4466221.0,3066221.0,219.0
614,Aymen Dahmen,Tunisia,GK,29,800000,2537326.0,1737326.0,217.2
190,Remo Marco Freuler,Switzerland,MID,34,3000000,9464950.0,6464950.0,215.5
1088,Mangulu Chancel Mbemba,Congo DR,DEF,32,2000000,6293367.0,4293367.0,214.7
99,David Doudera,Czechia,DEF,28,3500000,10959390.0,7459390.0,213.1
760,Lenini Kevin Pina,Cabo Verde,MID,29,2359912,7306408.0,4946496.0,209.6
914,Leo Skiri Ostigard,Norway,DEF,27,2823601,8665118.0,5841517.0,206.9
108,Luc De Fougerolles,Canada,DEF,21,4274807,13108157.0,8833350.0,206.6
1024,Mohammad Mousa Mousa Altamari,Jordan,FWD,29,6012559,18407407.0,12394848.0,206.1
787,Fahad Musab Aljuwayr,Saudi Arabia,MID,23,3650357,10934585.0,7284228.0,199.5
185,Silvan Dominic Widmer,Switzerland,DEF,33,800000,2392074.0,1592074.0,199.0
117,Derek Austin Cornelius,Canada,DEF,29,2500000,7448921.0,4948921.0,198.0
721,Benjamin Craig Old,New Zealand,MID,24,1800000,5315452.0,3515452.0,195.3
722,Mc,New Zealand,MID,27,3891480,11470347.0,7578867.0,194.8
888,Tahseen Abd Zaid Zaid,Iraq,DEF,25,2466618,7271270.0,4804652.0,194.8
619,Mohamed Amine Ben Hmida,Tunisia,DEF,31,700000,2048760.0,1348760.0,192.7
113,Cyle Christopher Larin,Canada,FWD,31,3500000,10236615.0,6736615.0,192.5
697,Mohammad Ghorbani,IR Iran,MID,25,1200000,3501132.0,2301132.0,191.8
60,Seungho Paik,Korea Republic,MID,29,2000000,5816677.0,3816677.0,190.8
53,Seunggyu Kim,Korea Republic,GK,36,500000,1450280.0,950280.0,190.1
778,Fabricio Wagner Pina,Cabo Verde,DEF,24,1897398,5492663.0,3595265.0,189.5
929,Thelonious Gerard Aasgaard,Norway,MID,24,2800000,8095808.0,5295808.0,189.1
979,Rafik Belghali,Algeria,DEF,24,7000000,20208243.0,13208243.0,188.7
715,Liberato Gianpaolo Cacace,New Zealand,DEF,26,2500000,7146495.0,4646495.0,185.9
898,Aamar Iqbal Zidane,Iraq,MID,23,4486768,12780290.0,8293522.0,184.8
151,Stjepan Radeljic,Bosnia and Herzegovina,DEF,29,2800000,7967589.0,5167589.0,184.6
669,Attia Fahim Marawan Attia,Egypt,MID,28,5436592,15398595.0,9962003.0,183.2
685,Mehdi Taremi,IR Iran,FWD,34,2000000,5591294.0,3591294.0,179.6
65,Taeseok Lee,Korea Republic,DEF,24,2000000,5577842.0,3577842.0,178.9
503,John Yeboah,Ecuador,FWD,26,6316718,17490281.0,11173563.0,176.9
98,Jaroslav Zeleny,Czechia,DEF,34,600000,1652776.0,1052776.0,175.5
58,Inbeom Hwang,Korea Republic,MID,30,7000000,19184585.0,12184585.0,174.1
773,Dailon Dailon Livramento,Cabo Verde,FWD,25,2550605,6978916.0,4428311.0,173.6
386,Jackson Alexander Irvine,Australia,MID,33,1000000,2701886.0,1701886.0,170.2
901,Jasim Elaibi Ali Jasim,Iraq,FWD,22,4564274,12281408.0,7717134.0,169.1
780,Sandro Helio Varela,Cabo Verde,MID,24,2700705,7205269.0,4504564.0,166.8
281,Josue Jeremie Casimir,Haiti,FWD,25,3000000,7985718.0,4985718.0,166.2
725,Ryan Jared Thomas,New Zealand,MID,32,650000,1726453.0,1076453.0,165.6
111,Stephen Eustaquio,Canada,MID,30,6000000,15924410.0,9924410.0,165.4
280,Frantzdy Pierrot,Haiti,FWD,31,1500000,3963874.0,2463874.0,164.3
996,David Alaba,Austria,DEF,34,3000000,7922887.0,4922887.0,164.1
1111,Azizjon Ganiev,Uzbekistan,MID,28,2000000,5137964.0,3137964.0,156.9
623,Anis Slimane,Tunisia,MID,25,2680368,6860005.0,4179637.0,155.9
299,Jack William Hendry,Scotland,DEF,31,2500000,6393712.0,3893712.0,155.7
1104,Abduvakhid Nematov,Uzbekistan,GK,25,1500000,3789726.0,2289726.0,152.6
373,Mohamed Toure,Australia,FWD,22,4015299,10110939.0,6095640.0,151.8
1037,Manel Farhan Ehsan Haddad,Jordan,DEF,32,2221236,5585377.0,3364141.0,151.5
495,Hernán Ismael Galindez,Ecuador,GK,39,300000,754133.0,454133.0,151.4
999,Michael Gregoritsch,Austria,FWD,32,1500000,3756077.0,2256077.0,150.4
1238,Andres Alberto Andrade,Panama,DEF,28,3229804,8005007.0,4775203.0,147.8
262,Carlens Jean Fedlaire Ruby Arcus,Haiti,DEF,30,1800000,4460744.0,2660744.0,147.8
893,Ibrahim Karim Ali Alhamadi,Iraq,FWD,24,4997506,12378190.0,7380684.0,147.7
628,Brandon Erik Mechele,Belgium,DEF,33,2800000,6842631.0,4042631.0,144.4
1132,Gustavo Adolfo Puerta,Colombia,DEF,23,17774632,43022035.0,25247403.0,142.0
706,Tyler Grant Bindon,New Zealand,DEF,21,3500000,8462815.0,4962815.0,141.8
49,Jayden Oswin Adams,South Africa,MID,25,1800000,4319817.0,2519817.0,140.0
148,Nikola Katic,Bosnia and Herzegovina,DEF,30,1800000,4300534.0,2500534.0,138.9
955,Nicolas Hernan Gonzalo Otamendi,Argentina,DEF,38,1000000,2387024.0,1387024.0,138.7
629,Maxim Peter De Cuyper,Belgium,DEF,26,10770288,25372061.0,14601773.0,135.6
769,Michael Laros Duarte,Cabo Verde,MID,29,1740475,4063288.0,2322813.0,133.5
462,Joshua Benjamin Brenet,Curaçao,DEF,32,1000000,2332181.0,1332181.0,133.2
509,Pedro Jeampierre Vite,Ecuador,MID,24,13002779,29860609.0,16857830.0,129.6
336,Matthew Andrew Geary Freese,USA,GK,28,2000000,4550102.0,2550102.0,127.5
892,Bayesh Kamil Ibrahim Bayesh,Iraq,MID,26,3339731,7526630.0,4186899.0,125.4
1027,Nayef Ahmad Mahmoud Almardi,Jordan,FWD,33,1880939,4232916.0,2351977.0,125.0
471,N'clomande Ghislain Konan,Côte d'Ivoire,DEF,31,3000000,6692974.0,3692974.0,123.1
708,Joe Zen Robert Bell,New Zealand,MID,27,3500000,7797301.0,4297301.0,122.8
604,Dylan Daniel Mahmoud Bronn,Tunisia,DEF,31,600000,1328518.0,728518.0,121.4
983,Selmane Rami Bensebaini,Algeria,DEF,31,10557657,23353005.0,12795348.0,121.2
45,Nkosinathi Emmanuel Sibisi,South Africa,DEF,31,1600000,3526213.0,1926213.0,120.4
259,Redouane Halhal,Morocco,DEF,23,5000000,11019393.0,6019393.0,120.4
684,Mohammad Mohebbi,IR Iran,MID,28,2500000,5508048.0,3008048.0,120.3
864,Ismaila Pathe Ciss,Senegal,MID,32,1800000,3956091.0,2156091.0,119.8
346,Diego Alexander Gomez,Paraguay,MID,23,5416942,11865887.0,6448945.0,119.1
282,Jean-Kévin Duverne,Haiti,DEF,29,2000000,4376618.0,2376618.0,118.8
487,Nicolas Pepe,Côte d'Ivoire,FWD,31,6000000,13098035.0,7098035.0,118.3
1103,Oston Urunov,Uzbekistan,MID,26,2000000,4341715.0,2341715.0,117.1
349,Mauricio Mauricio,Paraguay,MID,25,4506196,9703609.0,5197413.0,115.3
517,Moisés Isaac Caicedo,Ecuador,MID,25,14347943,30891876.0,16543933.0,115.3
25,Roberto Carlos Alvarado,Mexico,FWD,28,13567593,29152790.0,15585197.0,114.9
789,Tariq Feras,Saudi Arabia,FWD,26,4633539,9849473.0,5215934.0,112.6
1201,Thomas Teye Partey,Ghana,MID,33,2000000,4236200.0,2236200.0,111.8
277,Danley Jean Jacques,Haiti,MID,26,3000000,6345350.0,3345350.0,111.5
127,Niko Kristian Sigur,Canada,DEF,23,4000000,8445254.0,4445254.0,111.1
189,Breel Donald Embolo,Switzerland,FWD,29,15000000,31359452.0,16359452.0,109.1
931,Andreas Rædergård Schjelderup,Norway,MID,22,8222363,17157926.0,8935563.0,108.7
144,Ivan Sunjic,Bosnia and Herzegovina,MID,30,2000000,4159338.0,2159338.0,108.0
868,Sadio Mane,Senegal,FWD,34,6000000,12474287.0,6474287.0,107.9
1210,Gideon Mensah,Ghana,DEF,28,4000000,8285227.0,4285227.0,107.1
186,Nico Elvedi,Switzerland,DEF,30,8000000,16569355.0,8569355.0,107.1
381,Nestory Irankunda,Australia,FWD,20,8000000,16466416.0,8466416.0,105.8
1083,Cedric Bakambu,Congo DR,FWD,35,1200000,2467221.0,1267221.0,105.6
703,Maxime Teremoana Crocombe,New Zealand,GK,33,1000000,2055135.0,1055135.0,105.5
497,Piero Martin Hincapie,Ecuador,DEF,24,7459595,15314618.0,7855023.0,105.3
1224,Cesar Rodolfo Blackman,Panama,DEF,28,3927703,7863389.0,3935686.0,100.2
631,Kevin De Bruyne,Belgium,MID,35,8000000,15976889.0,7976889.0,99.7
106,Alistair William Johnston,Canada,DEF,28,8000000,15970019.0,7970019.0,99.6
81,Tomáš Holes,Czechia,DEF,33,1000000,1992517.0,992517.0,99.3
972,Fares Chaibi,Algeria,MID,24,15000000,29870263.0,14870263.0,99.1
667,Mostafa Ahmed Mohanad Lashin,Egypt,MID,30,3736043,7308298.0,3572255.0,95.6
606,Elias Saad,Tunisia,FWD,27,3000000,5867318.0,2867318.0,95.6
981,Nabil Bentaleb,Algeria,MID,32,4500000,8756507.0,4256507.0,94.6
199,Ruben Estephan Vargas,Switzerland,FWD,28,9983709,19392206.0,9408497.0,94.2
408,Mert Muldur,Türkiye,DEF,27,7000000,13449907.0,6449907.0,92.1
505,Kevin Jose Rodriguez,Ecuador,FWD,26,6049189,11567543.0,5518354.0,91.2
989,Alexander Schlager,Austria,GK,30,2000000,3758178.0,1758178.0,87.9
803,Ibrahim Mohamed,Saudi Arabia,MID,32,2525082,4745875.0,2220793.0,87.9
62,Jae Sung Lee,Korea Republic,MID,34,2000000,3752766.0,1752766.0,87.6
749,Mikel Oyarzabal,Spain,FWD,29,35000000,65400169.0,30400169.0,86.9
403,Evren Eren Elmali,Türkiye,DEF,26,5000000,9332073.0,4332073.0,86.6
136,Benjamin Tahirovic,Bosnia and Herzegovina,MID,23,4500000,8391937.0,3891937.0,86.5
129,Nathan-Dylan Saliba,Canada,MID,22,7500000,13977349.0,6477349.0,86.4
1004,Phillip Mwene,Austria,DEF,32,1500000,2790740.0,1290740.0,86.0
120,Maxime Crepeau,Canada,GK,32,1800000,3341198.0,1541198.0,85.6
881,Mory Diaw,Senegal,GK,33,900000,1649960.0,749960.0,83.3
1222,Marvin Elom Senaya,Ghana,DEF,25,3000000,5474755.0,2474755.0,82.5
454,Juniffer Naigelino Hansen,Curaçao,FWD,24,2705885,4853477.0,2147592.0,79.4
1225,Jose Angel Cordoba,Panama,DEF,25,6373119,11389739.0,5016620.0,78.7
488,Emmanuel Elysee Djedje Agbadou,Côte d'Ivoire,DEF,29,3641636,6484784.0,2843148.0,78.1
1229,Jose Luis Rodriguez,Panama,MID,28,4137985,7362440.0,3224455.0,77.9
811,Manuel Ugarte,Uruguay,MID,25,7236734,12840333.0,5603599.0,77.4
939,Nicolás Alejandro Tagliafico,Argentina,DEF,34,4000000,7032875.0,3032875.0,75.8
514,Nilson David Angulo,Ecuador,FWD,23,8661312,15163973.0,6502661.0,75.1
792,Abdullah Saud Abdulhamid,Saudi Arabia,DEF,27,5163218,9024804.0,3861586.0,74.8
235,Yassine Bounou,Morocco,GK,35,3000000,5243428.0,2243428.0,74.8
1069,Steve Nkanu Kapuadi,Congo DR,DEF,28,2500000,4349200.0,1849200.0,74.0
385,Cameron Robert Burgess,Australia,DEF,31,1500000,2605881.0,1105881.0,73.7
116,Tanitoluwa Oluwatimilehin Oluwaseyi,Canada,FWD,26,7000000,12126133.0,5126133.0,73.2
361,Matias Galarza,Paraguay,MID,24,7556755,13075384.0,5518629.0,73.0
96,Michal Sadilek,Czechia,MID,27,8000000,13835584.0,5835584.0,72.9
16,Julián Andrés Quinones,Mexico,FWD,29,14000000,24076997.0,10076997.0,72.0
767,CABRALSidny Sidny Lopes,Cabo Verde,DEF,24,5929945,10077919.0,4147974.0,69.9
395,Salih Ozcan,Türkiye,MID,28,3500000,5947309.0,2447309.0,69.9
465,Riechedly Guillermo Bazoer,Curaçao,DEF,30,1500000,2539929.0,1039929.0,69.3
975,Jaouen Djimmy Hadjam,Algeria,DEF,23,7000000,11834473.0,4834473.0,69.1
559,Keito Nakamura,Japan,MID,26,10000000,16804785.0,6804785.0,68.0
114,Jonathan Christian David,Canada,FWD,26,30000000,50359377.0,20359377.0,67.9
164,Junior Edmilson,Qatar,FWD,32,2520193,4211387.0,1691194.0,67.1
1205,Jordan Pierre Ayew,Ghana,FWD,35,1800000,3002566.0,1202566.0,66.8
916,Patrick Berg,Norway,MID,29,8000000,13113609.0,5113609.0,63.9
400,Hakan Calhanoglu,Türkiye,MID,32,16000000,26185211.0,10185211.0,63.7
645,Timothy Castagne,Belgium,DEF,31,8000000,13098278.0,5098278.0,63.7
83,Vladimír Coufal,Czechia,DEF,34,2500000,4084578.0,1584578.0,63.4
480,Elye Delmas Wahi,Côte d'Ivoire,FWD,23,5936106,9573357.0,3637251.0,61.3
1150,Keaninkin Marc-Isreal Guehi,England,DEF,26,26097995,41985592.0,15887597.0,60.9
772,Emanuel Telmo,Cabo Verde,MID,25,2210275,3534314.0,1324039.0,59.9
971,Amine Ferid Gouiri,Algeria,FWD,26,6320339,10061478.0,3741139.0,59.2
1200,Jonas Adjei Adjetey,Ghana,DEF,23,6000000,9458482.0,3458482.0,57.6
1019,Mousa Mahmoud Yazan Alarab,Jordan,DEF,30,1955254,3069611.0,1114357.0,57.0
761,Eduardo Jovane,Cabo Verde,MID,28,2818590,4377495.0,1558905.0,55.3
1197,Lawrence Ati Zigi,Ghana,GK,30,1500000,2327899.0,827899.0,55.2
1093,Utkir Yusupov,Uzbekistan,GK,35,500000,776127.0,276127.0,55.2
995,Marko Arnautovic,Austria,FWD,37,2000000,3083109.0,1083109.0,54.2
879,Habib Mbacke Diarra,Senegal,MID,22,7404851,11392301.0,3987450.0,53.8
481,Christopher Tea Domoraud Operi,Côte d'Ivoire,DEF,29,4000000,6139246.0,2139246.0,53.5
326,Sebastian Matthew Berhalter,USA,MID,25,8000000,12114814.0,4114814.0,51.4
814,Federico Santiago Valverde,Uruguay,MID,28,15930790,23875462.0,7944672.0,49.9
940,Gonzalo Ariel Montiel,Argentina,DEF,29,4500000,6736841.0,2236841.0,49.7
1178,Mateo Kovacic,Croatia,MID,32,10000000,14964072.0,4964072.0,49.6
121,Tajon Trevor Buchanan,Canada,FWD,27,12000000,17755594.0,5755594.0,48.0
1002,Saša Kalajdzic,Austria,FWD,29,4000000,5898839.0,1898839.0,47.5
1203,Abdul Fatawu Fatawu,Ghana,FWD,22,7555311,11145554.0,3590243.0,47.5
118,Jacob Everett Shaffelburg,Canada,MID,27,2500000,3684129.0,1184129.0,47.4
411,Barı ş Alper Yilmaz,Türkiye,FWD,26,6205279,9065617.0,2860338.0,46.1
1236,Carlos Miguel Harvey,Panama,DEF,26,7787286,11356422.0,3569136.0,45.8
150,Esmir Bajraktarevic,Bosnia and Herzegovina,FWD,21,8000000,11630453.0,3630453.0,45.4
335,Joseph Michael Scally,USA,DEF,24,7000000,10118776.0,3118776.0,44.6
609,Ismael Seifallah Gharbi,Tunisia,MID,22,5000000,7137929.0,2137929.0,42.8
662,Yousry Fouad Haissem Hassan,Egypt,FWD,24,8284369,11812982.0,3528613.0,42.6
469,Yahia Fofana,Côte d'Ivoire,GK,26,5000000,7127107.0,2127107.0,42.5
632,Youri Marion Tielemans,Belgium,MID,29,19479392,27611064.0,8131672.0,41.7
927,Torbjørn Lysaker Heggem,Norway,DEF,27,13000000,18368386.0,5368386.0,41.3
997,Marcel Sabitzer,Austria,MID,32,6000000,8456241.0,2456241.0,40.9
634,Leandro Trossard,Belgium,FWD,32,18000000,25310404.0,7310404.0,40.6
369,Jordan Jacob Bos,Australia,DEF,24,12000000,16843169.0,4843169.0,40.4
258,Neil Yoni El Aynaoui,Morocco,MID,25,23000000,32134395.0,9134395.0,39.7
141,Edin Dzeko,Bosnia and Herzegovina,FWD,40,1000000,1393506.0,393506.0,39.4
79,Mat ě j Kovar,Czechia,GK,26,3745909,5223484.0,1477575.0,39.4
784,Ali Abdulelah Alamri,Saudi Arabia,DEF,29,4371885,6084469.0,1712584.0,39.2
460,Armando Maria Obispo,Curaçao,DEF,27,4000000,5563214.0,1563214.0,39.1
1106,Eldor Shomurodov,Uzbekistan,FWD,31,7000000,9733925.0,2733925.0,39.1
404,Abdülker Bardakci,Türkiye,DEF,32,4748975,6597755.0,1848780.0,38.9
342,Juan Jose Caceres,Paraguay,DEF,26,5000000,6915490.0,1915490.0,38.3
476,Franck Yannick Kessie,Côte d'Ivoire,MID,30,12000000,16574183.0,4574183.0,38.1
926,Marcus Holmgren Holmgren Pedersen,Norway,DEF,26,7064063,9754477.0,2690414.0,38.1
260,Anass Salah Eddine,Morocco,DEF,24,12000000,16533706.0,4533706.0,37.8
812,Rodrigo Bentancur,Uruguay,MID,29,6218107,8555997.0,2337890.0,37.6
568,Takehiro Tomiyasu,Japan,DEF,28,5000000,6860691.0,1860691.0,37.2
923,Egil Selvik,Norway,GK,29,1500000,2049333.0,549333.0,36.6
271,Don Deedson Deedson,Haiti,FWD,25,3437369,4675716.0,1238347.0,36.0
978,Oussama Benbot,Algeria,GK,32,850000,1148711.0,298711.0,35.1
750,Pau Cubarsi,Spain,DEF,19,65912987,88891619.0,22978632.0,34.9
243,Soufiane Rahimi,Morocco,FWD,30,6000000,8078636.0,2078636.0,34.6
145,Amar Memic,Bosnia and Herzegovina,MID,25,4500000,6050337.0,1550337.0,34.5
970,Houssem-Eddine Chaabane Aouar,Algeria,MID,28,8000000,10737507.0,2737507.0,34.2
608,Hannibal Mejbri,Tunisia,MID,23,15000000,20046341.0,5046341.0,33.6
906,Basil Fadhil Ahmed,Iraq,GK,30,1997031,2667404.0,670373.0,33.6
353,Gustavo Raul Gomez,Paraguay,DEF,33,2612757,3482097.0,869340.0,33.3
383,Harry James Souttar,Australia,DEF,28,6000000,7988127.0,1988127.0,33.1
384,Cristian Volpato,Australia,FWD,23,10000000,13299193.0,3299193.0,33.0
907,Ghazi Salih Merchas,Iraq,DEF,27,6178241,8203895.0,2025654.0,32.8
653,Hany Gamal Mohamed Hany,Egypt,DEF,30,9185220,12144793.0,2959573.0,32.2
202,Michel Aebischer,Switzerland,MID,29,4000000,5269853.0,1269853.0,31.7
549,Shogo Taniguchi,Japan,DEF,35,750000,982887.0,232887.0,31.1
1176,Josip Sutalo,Croatia,DEF,26,12000000,15677416.0,3677416.0,30.6
1091,Edo Kayembe Kayembe,Congo DR,MID,28,4000000,5221536.0,1221536.0,30.5
1194,Marco Pasalic,Croatia,FWD,26,6500000,8434821.0,1934821.0,29.8
809,Sebastián Enzo Caceres,Uruguay,DEF,27,6541600,8488532.0,1946932.0,29.8
422,Joshua Walter Kimmich,Germany,DEF,31,35000000,45288584.0,10288584.0,29.4
135,Sead Kolasinac,Bosnia and Herzegovina,DEF,33,4000000,5159706.0,1159706.0,29.0
1035,Mahmoud Ahmed Nizar Alrashdan,Jordan,MID,27,5818965,7458484.0,1639519.0,28.2
161,Gaber Jassem,Qatar,DEF,24,5006329,6410587.0,1404258.0,28.0
657,Ahmed Ibrahim Trezeguet,Egypt,FWD,32,7946604,10122874.0,2176270.0,27.4
389,Lucas Herrington,Australia,DEF,19,4500000,5708192.0,1208192.0,26.8
560,Junya Ito,Japan,MID,33,3000000,3782309.0,782309.0,26.1
367,Alessandro Circati,Australia,DEF,23,12000000,15080809.0,3080809.0,25.7
943,Rodrigo Javier De Paul,Argentina,MID,32,14000000,17418338.0,3418338.0,24.4
500,Willian Joel Pacho,Ecuador,DEF,25,14162504,17596629.0,3434125.0,24.2
843,Michael Akpovie Olise,France,FWD,25,150000000,186280757.0,36280757.0,24.2
1171,Dominik Livakovic,Croatia,GK,31,4000000,4963212.0,963212.0,24.1
835,Lucas Digne,France,DEF,33,6000000,7442464.0,1442464.0,24.0
204,Fabian Rieder,Switzerland,MID,24,12000000,14870788.0,2870788.0,23.9
917,Alexander Sorloth,Norway,FWD,31,8599491,10645488.0,2045997.0,23.8
187,Manuel Obafemi Akanji,Switzerland,DEF,31,17000000,20887002.0,3887002.0,22.9
265,Hannes Piterson Delcroix,Haiti,DEF,27,4808049,5910158.0,1102109.0,22.9
74,Youngwoo Seol,Korea Republic,DEF,28,6500000,7954568.0,1454568.0,22.4
641,Charles Marc De Ketelaere,Belgium,FWD,25,19898799,24329149.0,4430350.0,22.3
804,Saad Moteb Alharbi,Saudi Arabia,DEF,26,4634772,5658509.0,1023737.0,22.1
1128,James David Rodriguez,Colombia,MID,35,8304482,10106175.0,1801693.0,21.7
561,Daichi Kamada,Japan,MID,30,10000000,12156448.0,2156448.0,21.6
596,Elliot Karl Stroud,Sweden,DEF,24,5000000,6076561.0,1076561.0,21.5
248,Issa Laye Lucas Jean Diop,Morocco,DEF,29,8000000,9697666.0,1697666.0,21.2
406,Ismailİsma Yuksek,Türkiye,MID,27,8513692,10249064.0,1735372.0,20.4
1245,Michael Amir Murillo,Panama,DEF,30,7830169,9420616.0,1590447.0,20.3
785,Mohammed Hassan Altambakti,Saudi Arabia,DEF,27,4842620,5808638.0,966018.0,19.9
908,Ismael Khaleel Zaid Ismael,Iraq,MID,24,5849632,6973894.0,1124262.0,19.2
377,Aiden Connor Oneill,Australia,MID,28,6273594,7452691.0,1179097.0,18.8
344,Júnior Osmar Ignacio Alonso,Paraguay,DEF,33,4302887,5096767.0,793880.0,18.4
711,Christopher Grant Wood,New Zealand,FWD,35,5000000,5896366.0,896366.0,17.9
176,Fathy Ahmed Fathy,Qatar,MID,33,2134313,2490731.0,356418.0,16.7
593,Alexander Olof Bernhardsson,Sweden,DEF,28,3000000,3491523.0,491523.0,16.4
463,Tahith Jose Girigorio Djorkaef Chong,Curaçao,MID,27,6000000,6976520.0,976520.0,16.3
1034,Mahmoud Saleh Mohannad Abutaha,Jordan,MID,23,6151046,7149852.0,998806.0,16.2
354,Damián Josue Bobadilla,Paraguay,MID,25,3318143,3798683.0,480540.0,14.5
887,Haydar Hussein Hussein,Iraq,DEF,24,4940702,5606364.0,665662.0,13.5
968,Ramiz Larbi Zerrouki,Algeria,MID,28,6500000,7353942.0,853942.0,13.1
952,Thiago Ezequiel Almada,Argentina,FWD,25,15000000,16943079.0,1943079.0,13.0
290,Mc,Scotland,MID,30,7865734,8877331.0,1011597.0,12.9
1018,Ali Mohammad Husam Abudahab,Jordan,DEF,26,3868569,4325414.0,456845.0,11.8
842,Kylian Mbappe,France,FWD,28,180000000,200000000.0,20000000.0,11.1
306,Lawrence Shankland,Scotland,FWD,31,3000000,3318621.0,318621.0,10.6
451,Jürgen Leonardo Locadia,Curaçao,FWD,33,1800000,1986593.0,186593.0,10.4
993,Stefan Posch,Austria,DEF,29,6000000,6597801.0,597801.0,10.0
846,Adrien Thibault Marie Rabiot,France,MID,31,18000000,19702646.0,1702646.0,9.5
515,Alan Steven Franco,Ecuador,MID,28,6237924,6808083.0,570159.0,9.1
644,Hans Vanaken,Belgium,MID,34,5000000,5455546.0,455546.0,9.1
744,Rodrigo Rodri,Spain,MID,30,64140986,69022201.0,4881215.0,7.6
1180,Luka Modric,Croatia,MID,41,3500000,3759335.0,259335.0,7.4
289,Andrew Henry Robertson,Scotland,DEF,32,7000000,7417564.0,417564.0,6.0
87,Adam Hlozek,Czechia,FWD,24,10000000,10580972.0,580972.0,5.8
160,Gueye Issa Laye,Qatar,DEF,29,2680118,2826097.0,145979.0,5.4
663,Mohamed Aboelfetouh Ahmed Fatouh,Egypt,DEF,28,10458281,11019963.0,561682.0,5.4
1185,Mario Pasalic,Croatia,MID,31,6000000,6295906.0,295906.0,4.9
900,Fouad Aboud Amir Alammari,Iraq,MID,29,7581781,7867061.0,285280.0,3.8
41,Iqraam Rayners,South Africa,FWD,31,2800000,2907234.0,107234.0,3.8
169,Mohamed Ayoub Aloui,Qatar,DEF,21,3461985,3573656.0,111671.0,3.2
652,Ahmed Ibrahim Yasser,Egypt,DEF,33,4084367,4206600.0,122233.0,3.0
128,Promise Oluwatobi Emmanuel David,Canada,FWD,25,17000000,17515568.0,515568.0,3.0
236,Achraf Hakimi,Morocco,DEF,28,80000000,81991042.0,1991042.0,2.5
918,Sander Gard Bolin Berge,Norway,MID,28,25000000,25551121.0,551121.0,2.2
352,Adrián Andrés Cubas,Paraguay,MID,30,4500000,4589518.0,89518.0,2.0
573,Jacob Mikael Widell Zetterstrom,Sweden,GK,28,2500000,2528741.0,28741.0,1.1
1141,Davinson Sanchez,Colombia,DEF,30,14979336,15104570.0,125234.0,0.8
757,Alberto Diney,Cabo Verde,DEF,31,3683541,3702754.0,19213.0,0.5
1199,Caleb Marfo Yirenkyi,Ghana,MID,20,10000000,9941539.0,-58461.0,-0.6
1070,Axel Tuanzebe,Congo DR,DEF,29,5000000,4952797.0,-47203.0,-0.9
26,Brian Gutierrez,Mexico,MID,23,8000000,7902736.0,-97264.0,-1.2
1114,Abbosbek Fayzullaev,Uzbekistan,MID,23,7000000,6895732.0,-104268.0,-1.5
806,Waheeb Mohammed Abu Alshamat,Saudi Arabia,DEF,24,7172554,7049151.0,-123403.0,-1.7
350,Orlando Daniel Gill,Paraguay,GK,26,7417578,7255427.0,-162151.0,-2.2
795,Mohammed Abdullah Alkhaibari,Saudi Arabia,MID,30,4189131,4082666.0,-106465.0,-2.5
673,Abdelaziz Mohame Mostafa,Egypt,GK,26,7386810,7191214.0,-195596.0,-2.6
1214,Jerome Opoku,Ghana,DEF,28,5000000,4861071.0,-138929.0,-2.8
895,Ihab Ahmed Ahmed,Iraq,FWD,23,5858031,5640383.0,-217648.0,-3.7
475,Odilon Dorgeless Kossounou,Côte d'Ivoire,DEF,25,10688600,10259808.0,-428792.0,-4.0
786,Essa Nasser Aldawsari,Saudi Arabia,MID,28,6510709,6174301.0,-336408.0,-5.2
257,Bilal El Khannouss,Morocco,MID,22,35000000,33117179.0,-1882821.0,-5.4
601,Montassar Omar Talbi,Tunisia,DEF,28,8000000,7553830.0,-446170.0,-5.6
149,Kerim Alajbegovic,Bosnia and Herzegovina,FWD,19,22000000,20748549.0,-1251451.0,-5.7
195,Ricardo Ivan Rodriguez,Switzerland,DEF,34,13686061,12859693.0,-826368.0,-6.0
329,Malik Leon Tillman,USA,MID,24,30000000,28044736.0,-1955264.0,-6.5
308,Nathan Kenneth Patterson,Scotland,DEF,25,10000000,9331655.0,-668345.0,-6.7
4,Edson Omar Alvarez,Mexico,DEF,29,10875943,10135888.0,-740055.0,-6.8
314,Sergiño Gianni Dest,USA,DEF,26,18000000,16669057.0,-1330943.0,-7.4
1015,Mo'ien Hasan Yazeed Abulaila,Jordan,GK,33,2324916,2137195.0,-187721.0,-8.1
499,Jordy Jose Alcivar,Ecuador,MID,27,5599619,5142668.0,-456951.0,-8.2
9,Raúl Alonso Jimenez,Mexico,FWD,35,15211168,13941243.0,-1269925.0,-8.3
1092,Arthur Fuka Masuaku,Congo DR,DEF,33,5114623,4655743.0,-458880.0,-9.0
1068,Wan Wan-Bissaka,Congo DR,DEF,29,4122558,3727208.0,-395350.0,-9.6
131,Nikola Vasilj,Bosnia and Herzegovina,GK,31,4500000,4049803.0,-450197.0,-10.0
660,Hamed Mahrous Mohamed Salah,Egypt,FWD,34,22000000,19799893.0,-2200107.0,-10.0
776,MOREIRASteven Steven,Cabo Verde,DEF,32,3956667,3554262.0,-402405.0,-10.2
252,Chadi Riad,Morocco,DEF,23,15000000,13461346.0,-1538654.0,-10.3
615,Ellyes Joris Skhiri,Tunisia,MID,31,5000000,4456581.0,-543419.0,-10.9
157,Ibrahim Mahmoud Abunada,Qatar,GK,26,5555635,4933215.0,-622420.0,-11.2
921,Jørgen Strand Strand Larsen,Norway,FWD,26,9498964,8434066.0,-1064898.0,-11.2
553,Ao Tanaka,Japan,MID,28,13000000,11513311.0,-1486689.0,-11.4
324,Miles Gordon Robinson,USA,DEF,29,3500000,3098002.0,-401998.0,-11.5
548,Yukinari Sugawara,Japan,DEF,26,5500000,4870145.0,-629855.0,-11.5
575,Victor Jörgen Lindelof,Sweden,DEF,32,7447445,6592282.0,-855163.0,-11.5
839,Masour Ousmane Dembele,France,FWD,29,100000000,88325178.0,-11674822.0,-11.7
960,Enzo Jeremías Fernandez,Argentina,MID,25,90000000,79420469.0,-10579531.0,-11.8
511,Ángelo Smit Preciado,Ecuador,DEF,28,5533861,4859009.0,-674852.0,-12.2
170,Elamin Homam,Qatar,DEF,27,6588938,5769944.0,-818994.0,-12.4
1211,Elisha Owusu,Ghana,MID,29,4000000,3486162.0,-513838.0,-12.8
902,Hussein Ghadhban Aymen,Iraq,FWD,30,7872504,6857936.0,-1014568.0,-12.9
1,José Raúl Rangel,Mexico,GK,26,8933646,7782585.0,-1151061.0,-12.9
671,Saber Abdelmohsen Mahmoud,Egypt,MID,25,9717210,8428878.0,-1288332.0,-13.3
90,Lukáš Cerv,Czechia,MID,25,6000000,5189353.0,-810647.0,-13.5
1233,Edgar Yoel Barcenas,Panama,MID,33,5818242,5031544.0,-786698.0,-13.5
889,Hashim Rahman Akam Hashim,Iraq,DEF,28,5802861,4946788.0,-856073.0,-14.8
1153,Harry Edward Kane,England,FWD,33,60000000,50945451.0,-9054549.0,-15.1
611,Rani Khedira,Tunisia,MID,32,2000000,1696381.0,-303619.0,-15.2
992,Xaver Schlager,Austria,MID,29,10000000,8466819.0,-1533181.0,-15.3
564,Ayase Ueda,Japan,FWD,28,17000000,14326536.0,-2673464.0,-15.7
774,Isaac Ryan,Cabo Verde,FWD,36,3205680,2681665.0,-524015.0,-16.3
872,Ismail Joshua Jakobs,Senegal,DEF,27,8000000,6683082.0,-1316918.0,-16.5
876,Ismaila Sarr,Senegal,FWD,28,40000000,33294286.0,-6705714.0,-16.8
82,Robin Hranac,Czechia,DEF,26,10000000,8315817.0,-1684183.0,-16.8
1125,Luis Fernando Diaz,Colombia,FWD,29,50000000,41204572.0,-8795428.0,-17.6
758,Carlos Pico Lopes,Cabo Verde,DEF,34,3354880,2758291.0,-596589.0,-17.8
1129,Jhon Adolfo Arias,Colombia,MID,29,24767140,20298021.0,-4469119.0,-18.0
8,Álvaro Fidalgo,Mexico,MID,29,10697494,8775821.0,-1921673.0,-18.0
949,Cristian Gabriel Romero,Argentina,DEF,28,45000000,36647029.0,-8352971.0,-18.6
305,Lewis Ferguson,Scotland,MID,27,14000000,11300465.0,-2699535.0,-19.3
193,Dan Ndoye,Switzerland,FWD,26,32000000,25444185.0,-6555815.0,-20.5
71,Kangin Lee,Korea Republic,MID,25,28000000,22248474.0,-5751526.0,-20.5
1051,João Joao Felix,Portugal,FWD,27,17430671,13841393.0,-3589278.0,-20.6
320,Mc,USA,MID,28,20375657,16182137.0,-4193520.0,-20.6
498,Joel Leandro Ordonez,Ecuador,DEF,22,10213280,8027917.0,-2185363.0,-21.4
1005,Carney Chibueze Chukwuemeka,Austria,MID,23,9863230,7704267.0,-2158963.0,-21.9
1121,Jhon Janer Lucumi,Colombia,DEF,28,19289403,15039169.0,-4250234.0,-22.0
1173,Marin Pongracic,Croatia,DEF,29,6500000,4994907.0,-1505093.0,-23.2
393,Merih Demiral,Türkiye,DEF,28,12000000,9202242.0,-2797758.0,-23.3
831,Juan Manuel Sanabria,Uruguay,MID,26,8367423,6387803.0,-1979620.0,-23.7
574,Gustaf Johan Lagerbielke,Sweden,DEF,26,10000000,7624488.0,-2375512.0,-23.8
119,Moïse Bombito Bombito,Canada,DEF,26,11608716,8805859.0,-2802857.0,-24.1
1146,Ezri Ngoyo Konsa,England,DEF,29,40000000,30226046.0,-9773954.0,-24.4
244,Brahim Diaz,Morocco,FWD,27,44054154,32892357.0,-11161797.0,-25.3
790,Mohammed Salem Aldawsari,Saudi Arabia,FWD,35,5551491,4140516.0,-1410975.0,-25.4
1048,Miguel Bruno,Portugal,MID,32,27556372,20503914.0,-7052458.0,-25.6
433,Florian Richard Wirtz,Germany,MID,23,100000000,74221798.0,-25778202.0,-25.8
234,Vitor Rayan,Brazil,FWD,20,26501330,19568478.0,-6932852.0,-26.2
474,Seko Mohamed Fofana,Côte d'Ivoire,MID,31,8000000,5905110.0,-2094890.0,-26.2
1145,Jordan Lee Pickford,England,GK,32,13000000,9599663.0,-3400337.0,-26.2
956,Alexis Mac Allister,Argentina,MID,28,70000000,51432802.0,-18567198.0,-26.5
1058,Pedro Pedro Neto,Portugal,FWD,26,29098003,21251736.0,-7846267.0,-27.0
764,Gregory Jamiro Monteiro,Cabo Verde,MID,33,6722740,4860547.0,-1862193.0,-27.7
296,Che Sac Everton Fred Adams,Scotland,FWD,30,5000000,3609023.0,-1390977.0,-27.8
414,Oguz Aydin,Türkiye,FWD,26,7000000,5045570.0,-1954430.0,-27.9
238,Sofyan Amrabat,Morocco,MID,30,10000000,7208770.0,-2791230.0,-27.9
63,Hee Chan Hwang,Korea Republic,MID,30,6000000,4317574.0,-1682426.0,-28.0
861,Kalidou Koulibaly,Senegal,DEF,35,4500000,3216300.0,-1283700.0,-28.5
820,Agustin Canobbio,Uruguay,MID,28,8000000,5709977.0,-2290023.0,-28.6
6,Erik Antonio Lira,Mexico,MID,26,21520963,15297181.0,-6223782.0,-28.9
292,Kieran Tierney,Scotland,DEF,29,8000000,5624638.0,-2375362.0,-29.7
318,Auston Levi-Jesaiah Trusty,USA,DEF,28,6000000,4219420.0,-1780580.0,-29.7
435,Leroy Aziz Sane,Germany,MID,30,20000000,13865162.0,-6134838.0,-30.7
1235,Jiovany Javier Ramos,Panama,DEF,29,11158259,7699107.0,-3459152.0,-31.0
1065,Alexandre Nuno,Portugal,DEF,24,56220388,38572499.0,-17647889.0,-31.4
959,Damián Emiliano Martinez,Argentina,GK,34,12000000,8165932.0,-3834068.0,-32.0
19,Gilberto Rafael Mora,Mexico,MID,18,19301116,13034670.0,-6266446.0,-32.5
801,Khalil Mohammed Alowais,Saudi Arabia,GK,35,2502052,1678818.0,-823234.0,-32.9
661,Mohamed Zaky Mostafa Zico,Egypt,MID,29,10781673,7191098.0,-3590575.0,-33.3
1239,Jose Fajardo,Panama,FWD,33,3666045,2446975.0,-1219070.0,-33.3
494,Christ Ravynel Inao Oulai,Côte d'Ivoire,MID,20,23000000,15266180.0,-7733820.0,-33.6
827,Federico Sebastian Vinas,Uruguay,FWD,28,11769867,7777641.0,-3992226.0,-33.9
401,Kenan Yildiz,Türkiye,FWD,21,75000000,49441061.0,-25558939.0,-34.1
877,Moussa Niakhate,Senegal,DEF,30,15000000,9857056.0,-5142944.0,-34.3
913,Kristoffer Vassbakk Köpp Ajer,Norway,DEF,28,18000000,11718322.0,-6281678.0,-34.9
942,Lisandro Martinez,Argentina,DEF,28,40000000,26015164.0,-13984836.0,-35.0
1155,Marcus Rashford,England,FWD,29,40000000,25970536.0,-14029464.0,-35.1
1120,Daniel Munoz,Colombia,DEF,30,18918178,12275926.0,-6642252.0,-35.1
1164,Azuka Tristan Madueke,England,FWD,24,27690961,17750819.0,-9940142.0,-35.9
542,Denzel Justus Morris Dumfries,Netherlands,DEF,30,25000000,16036630.0,-8963370.0,-35.9
188,Denis Lemi Zakaria,Switzerland,MID,30,16546670,10563873.0,-5982797.0,-36.2
59,Heung Min Son,Korea Republic,FWD,34,15000000,9561406.0,-5438594.0,-36.3
56,Minjae Kim,Korea Republic,DEF,30,20000000,12671249.0,-7328751.0,-36.6
1006,Romano Schmid,Austria,MID,26,15000000,9431679.0,-5568321.0,-37.1
3,César Jasib Montes,Mexico,DEF,29,10912552,6836575.0,-4075977.0,-37.4
293,Mc,Scotland,MID,32,7865734,4900762.0,-2964972.0,-37.7
70,Hyeongyu Oh,Korea Republic,FWD,25,15000000,9344982.0,-5655018.0,-37.7
994,Nicolas Seiwald,Austria,MID,25,25000000,15578317.0,-9421683.0,-37.7
1017,Mousa Musallam Abdallah Nasib,Jordan,DEF,32,4333148,2688457.0,-1644691.0,-38.0
665,Hafez Ramadan Karim Hafez,Egypt,DEF,30,7314242,4533274.0,-2780968.0,-38.0
398,Arda Guler,Türkiye,FWD,21,90000000,55524554.0,-34475446.0,-38.3
211,Gabriel Gabriel Magalhaes,Brazil,DEF,29,35255847,21668601.0,-13587246.0,-38.5
423,Kai Lukas Havertz,Germany,FWD,27,55000000,33751708.0,-21248292.0,-38.6
752,Marc Cucurella,Spain,DEF,28,84859270,51825664.0,-33033606.0,-38.9
1231,Tomas Abdiel Rodriguez,Panama,FWD,27,6398309,3904208.0,-2494101.0,-39.0
930,Antonio Eromonsele Nordby Nusa,Norway,FWD,21,32000000,19428674.0,-12571326.0,-39.3
420,Jonathan Glao Tah,Germany,DEF,30,28000000,16992095.0,-11007905.0,-39.3
826,Maximiliano Javier Araujo,Uruguay,MID,26,15118771,9103396.0,-6015375.0,-39.8
1154,Jude Victor William Bellingham,England,MID,23,130000000,77729242.0,-52270758.0,-40.2
237,Noussair Mazraoui,Morocco,DEF,29,18000000,10715113.0,-7284887.0,-40.5
884,Pape Alassane Gueye,Senegal,MID,27,40000000,23727099.0,-16272901.0,-40.7
762,Paulo Joao Paulo,Cabo Verde,MID,28,6534349,3863549.0,-2670800.0,-40.9
525,Nathan Benjamin Ake,Netherlands,DEF,31,12000000,7079628.0,-4920372.0,-41.0
485,Guela Maho-Lewis Doue,Côte d'Ivoire,DEF,24,20000000,11685922.0,-8314078.0,-41.6
197,Djibril Ibrahima Sow,Switzerland,MID,29,12866209,7511031.0,-5355178.0,-41.6
112,Ismaël Kenneth Jordan Kone,Canada,MID,24,25000000,14355825.0,-10644175.0,-42.6
1215,Inaki Williams,Ghana,FWD,32,5099385,2919784.0,-2179601.0,-42.7
747,Lamine Yamal Yamal,Spain,FWD,19,200000000,114636301.0,-85363699.0,-42.7
984,Ibrahim Maza,Algeria,MID,21,45000000,25746026.0,-19253974.0,-42.8
212,MARQUINHOSMarcos,Brazil,DEF,32,28000000,15978150.0,-12021850.0,-42.9
171,Abdurisag Yusuf Abdurisag,Qatar,FWD,27,6554586,3680402.0,-2874184.0,-43.8
682,Saeid Ezatolahi,IR Iran,MID,30,12163085,6809667.0,-5353418.0,-44.0
1047,Ronaldo Cristiano Ronaldo,Portugal,FWD,41,10000000,5560752.0,-4439248.0,-44.4
1181,Ante Budimir,Croatia,FWD,35,2800000,1552923.0,-1247077.0,-44.5
5,Johan Felipe Vasquez,Mexico,DEF,28,18265363,10108704.0,-8156659.0,-44.7
332,Folarin Jolaoluwa Balogun,USA,FWD,25,40000000,21980225.0,-18019775.0,-45.0
270,Jean Ricner Bellegarde,Haiti,MID,28,16000000,8632739.0,-7367261.0,-46.0
85,Ladislav Krejci,Czechia,DEF,27,22000000,11681879.0,-10318121.0,-46.9
1138,Juan Fernando Quintero,Colombia,MID,33,12654849,6686371.0,-5968478.0,-47.2
526,Paul Jan-Paul Van Hecke,Netherlands,DEF,26,40926235,21612915.0,-19313320.0,-47.2
1086,Yoane Wissa,Congo DR,FWD,30,25000000,13065248.0,-11934752.0,-47.7
932,Oscar Bobb,Norway,MID,23,28000000,14604447.0,-13395553.0,-47.8
7,Luis Francisco Romo,Mexico,MID,31,12552748,6518474.0,-6034274.0,-48.1
418,Antonio Ruediger,Germany,DEF,33,16677344,8574153.0,-8103191.0,-48.6
531,Cody Mathès Gakpo,Netherlands,FWD,27,60000000,30821251.0,-29178749.0,-48.6
524,Virgil Van Dijk,Netherlands,DEF,35,15000000,7690575.0,-7309425.0,-48.7
240,Ayyoub Bouaddi,Morocco,MID,19,50000000,25621600.0,-24378400.0,-48.8
348,Miguel Angel Almiron,Paraguay,MID,32,7309787,3723650.0,-3586137.0,-49.1
1152,Elliot Junior Anderson,England,MID,24,75000000,38007924.0,-36992076.0,-49.3
1190,Igor Matanovic,Croatia,FWD,23,22000000,11148794.0,-10851206.0,-49.3
313,Matthew Charles Turner,USA,GK,32,2500000,1266402.0,-1233598.0,-49.3
740,Pedro Antonio Porro,Spain,DEF,27,90689035,45947948.0,-44741087.0,-49.3
1149,John Stones,England,DEF,32,12000000,6064942.0,-5935058.0,-49.5
822,Mathías Olivera,Uruguay,DEF,29,21369652,10795081.0,-10574571.0,-49.5
976,Hicham Boudaoui,Algeria,MID,27,12000000,6035149.0,-5964851.0,-49.7
1183,Nikola Vlasic,Croatia,MID,29,10000000,5021625.0,-4978375.0,-49.8
364,Alexandro Maidana,Paraguay,DEF,21,6775453,3394001.0,-3381452.0,-49.9
224,Douglas Douglas Santos,Brazil,DEF,32,15586988,7786245.0,-7800743.0,-50.0
851,Théo Bernard François Hernandez,France,DEF,29,20000000,9970162.0,-10029838.0,-50.1
973,Anis Hadj Moussa,Algeria,FWD,24,23000000,11347991.0,-11652009.0,-50.7
582,Erik Benjamin Nygren,Sweden,MID,25,14000000,6901187.0,-7098813.0,-50.7
649,Nathan Ngoy,Belgium,DEF,23,25000000,12305065.0,-12694935.0,-50.8
878,Ibrahim Mbaye,Senegal,FWD,18,30000000,14705926.0,-15294074.0,-51.0
961,Facundo Axel Medina,Argentina,DEF,27,18000000,8787225.0,-9212775.0,-51.2
550,Kou Itakura,Japan,DEF,29,8000000,3892846.0,-4107154.0,-51.3
315,Christopher Jeffrey Richards,USA,DEF,26,28000000,13602293.0,-14397707.0,-51.4
625,Thibaut Nicolas Courtois,Belgium,GK,34,15000000,7248965.0,-7751035.0,-51.7
137,Amar Dedic,Bosnia and Herzegovina,DEF,24,16000000,7656730.0,-8343270.0,-52.1
655,Abdelaziz Moustafa Ramy Rabia,Egypt,DEF,33,9869546,4709567.0,-5159979.0,-52.3
1003,Philipp Lienhart,Austria,DEF,30,10000000,4748871.0,-5251129.0,-52.5
2,Jorge Eduardo Sanchez,Mexico,DEF,29,24628639,11701426.0,-12927213.0,-52.5
1072,Ngal’ayel Mukau,Congo DR,MID,22,15000000,7091235.0,-7908765.0,-52.7
442,Deniz Undav,Germany,FWD,30,22000000,10330690.0,-11669310.0,-53.0
1148,Declan Rice,England,MID,27,120000000,56416435.0,-63583565.0,-53.0
297,Ryan Christie,Scotland,MID,31,8000000,3745452.0,-4254548.0,-53.2
245,Ismael Saibari,Morocco,MID,25,40000000,18686263.0,-21313737.0,-53.3
583,Anthony David Junior Elanga,Sweden,FWD,24,32000000,14914830.0,-17085170.0,-53.4
836,Dayotchanculle Oswald Upamecano,France,DEF,28,70000000,32398726.0,-37601274.0,-53.7
678,Saleh Hardani,IR Iran,DEF,28,6250097,2873334.0,-3376763.0,-54.0
434,Nathaniel Christopher Brown,Germany,DEF,23,40000000,18377784.0,-21622216.0,-54.1
317,Antonee Robinson,USA,DEF,29,22000000,10016872.0,-11983128.0,-54.5
341,Omar Federico Alderete,Paraguay,DEF,30,5552187,2512005.0,-3040182.0,-54.8
590,Yasin Ayari,Sweden,MID,23,35000000,15809139.0,-19190861.0,-54.8
1143,Luis Javier Suarez,Colombia,FWD,29,20333903,9172731.0,-11161172.0,-54.9
312,Mc,Scotland,DEF,30,7865734,3538815.0,-4326919.0,-55.0
848,Mike Peterson Maignan,France,GK,31,20000000,8975933.0,-11024067.0,-55.1
1053,Renato Renato Veiga,Portugal,DEF,23,49776200,22231540.0,-27544660.0,-55.3
321,Ricardo Daniel Pepi,USA,FWD,23,30000000,13352064.0,-16647936.0,-55.5
1012,Paul Wanner,Austria,MID,21,22000000,9797061.0,-12202939.0,-55.5
567,Hiroki Ito,Japan,DEF,27,18000000,7862984.0,-10137016.0,-56.3
278,Wilson Isidor,Haiti,FWD,26,18000000,7853123.0,-10146877.0,-56.4
1187,Petar Sucic,Croatia,MID,23,40000000,17387452.0,-22612548.0,-56.5
362,Gustavo Ruben Caballero,Paraguay,MID,25,6673780,2903324.0,-3770456.0,-56.5
588,Jesper Kewe Karlstrom,Sweden,MID,31,4000000,1715681.0,-2284319.0,-57.1
172,KHOUKHIBoualem Boualem,Qatar,DEF,36,4032215,1715895.0,-2316320.0,-57.4
742,Aymeric Laporte,Spain,DEF,32,74740097,31701744.0,-43038353.0,-57.6
1218,Kamal Deen Sulemana,Ghana,FWD,24,17000000,7198510.0,-9801490.0,-57.7
501,Pervis Josue Estupinan,Ecuador,DEF,28,12184475,5140761.0,-7043714.0,-57.8
813,Diego Nicolás De La Cruz,Uruguay,MID,29,20939811,8818833.0,-12120978.0,-57.9
191,Johan Kula Manzambi,Switzerland,MID,21,50000000,21054585.0,-28945415.0,-57.9
699,Ramin Rezaeian,IR Iran,DEF,36,9879173,4152916.0,-5726257.0,-58.0
837,Jules Olivier Kounde,France,DEF,28,60000000,25007939.0,-34992061.0,-58.3
1151,Bukayo Ayoyinka Saka,England,FWD,25,110000000,45528746.0,-64471254.0,-58.6
874,Edouard Osoque Mendy,Senegal,GK,34,4000000,1651759.0,-2348241.0,-58.7
844,Bradley Jean-Manuel Essolisa Barcola,France,FWD,24,69223108,28487717.0,-40735391.0,-58.8
544,Crysencio Jilbert Sylverio Cir Summerville,Netherlands,FWD,25,35000000,14355800.0,-20644200.0,-59.0
556,Ritsu Doan,Japan,MID,28,17000000,6941498.0,-10058502.0,-59.2
363,Isidro Miguel Pitta,Paraguay,FWD,27,6753451,2743001.0,-4010450.0,-59.4
627,Arthur Nicolas Theate,Belgium,DEF,26,35104832,14220318.0,-20884514.0,-59.5
359,Gabriel Avalos,Paraguay,FWD,35,2585416,1048310.0,-1537106.0,-59.5
581,Alexander Isak,Sweden,FWD,27,85000000,34280633.0,-50719367.0,-59.7
410,Ferdi Erenay Kadioglu,Türkiye,DEF,27,35000000,14066943.0,-20933057.0,-59.8
483,Amad Diallo,Côte d'Ivoire,FWD,24,45000000,18082438.0,-26917562.0,-59.8
1186,Martin Baturina,Croatia,MID,23,30000000,11974607.0,-18025393.0,-60.1
866,Lamine Camara,Senegal,MID,22,40000000,15844321.0,-24155679.0,-60.4
838,Emmanuel Boris Kone,France,MID,25,59527837,23593270.0,-35934567.0,-60.4
793,Meshari Nawaf Bu Washl,Saudi Arabia,DEF,27,6459488,2560313.0,-3899175.0,-60.4
664,Fathy Abdelhalim Hamdy Fathy,Egypt,MID,32,9580178,3797851.0,-5782327.0,-60.4
945,Julián Alvarez,Argentina,FWD,26,100000000,39628114.0,-60371886.0,-60.4
486,Ibrahim Sangare,Côte d'Ivoire,MID,29,20000000,7899916.0,-12100084.0,-60.5
1162,Anthony Michael Gordon,England,FWD,25,65000000,25574733.0,-39425267.0,-60.7
168,Karim Karim Boudiaf,Qatar,MID,36,6342945,2479565.0,-3863380.0,-60.9
951,Nicolas Ivan Gonzalez,Argentina,MID,28,22000000,8584390.0,-13415610.0,-61.0
392,Mehmet Zeki Celik,Türkiye,DEF,29,14000000,5430732.0,-8569268.0,-61.2
396,Orkun Kokcu,Türkiye,MID,26,25000000,9612772.0,-15387228.0,-61.5
140,Ermedin Demirovic,Bosnia and Herzegovina,FWD,28,22000000,8440896.0,-13559104.0,-61.6
473,Wilfried Stephane Singo,Côte d'Ivoire,DEF,26,23000000,8803762.0,-14196238.0,-61.7
1147,Nico Oreilly,England,DEF,21,67443617,25811095.0,-41632522.0,-61.7
896,Hasan Hachim Jalal Hassan,Iraq,GK,35,3176574,1212585.0,-1963989.0,-61.8
322,Christian Mate Pulisic,USA,FWD,28,40000000,15241570.0,-24758430.0,-61.9
852,Désiré Nonka-Maho Doue,France,FWD,21,120000000,45520458.0,-74479542.0,-62.1
991,Kevin Danso,Austria,DEF,28,20000000,7560813.0,-12439187.0,-62.2
646,Alexis Jesse Saelemaekers,Belgium,MID,27,25194117,9484707.0,-15709410.0,-62.4
647,Nicolas Thierry Raskin,Belgium,MID,25,34430929,12830252.0,-21600677.0,-62.7
541,Frenkie De Jong,Netherlands,MID,29,35000000,13008116.0,-21991884.0,-62.8
928,Kristian Thorstvedt,Norway,MID,27,12000000,4468277.0,-7531723.0,-62.8
977,Rayan Ait-Nouri,Algeria,DEF,25,40000000,14774932.0,-25225068.0,-63.1
316,Tyler Shaan Adams,USA,MID,27,25000000,9172620.0,-15827380.0,-63.3
507,Enner Remberto Valencia,Ecuador,FWD,37,10214695,3733294.0,-6481401.0,-63.5
738,Daniel Olmo,Spain,FWD,28,118381173,42914263.0,-75466910.0,-63.7
216,GUIMARAESBruno Bruno,Brazil,MID,29,46789953,16972761.0,-29817192.0,-63.7
633,Romelu Lukaku,Belgium,FWD,33,22000000,7855250.0,-14144750.0,-64.3
871,Iliman Cheikh Baroy Ndiaye,Senegal,FWD,26,55000000,19534848.0,-35465152.0,-64.5
783,Mohammed Ali Lajami,Saudi Arabia,DEF,30,5037792,1785029.0,-3252763.0,-64.6
11,Santiago Tomás Gimenez,Mexico,FWD,25,18000000,6352102.0,-11647898.0,-64.7
638,Dodi Lukebakio,Belgium,FWD,29,26818771,9440862.0,-17377909.0,-64.8
397,Muhammed Kerem Akturkoglu,Türkiye,FWD,28,20000000,7015329.0,-12984671.0,-64.9
577,Gabriel Johan Gudmundsson,Sweden,DEF,27,20000000,6976587.0,-13023413.0,-65.1
745,Nicholas Williams,Spain,FWD,24,55314594,19214781.0,-36099813.0,-65.3
1172,Josip Stanisic,Croatia,DEF,26,40000000,13857730.0,-26142270.0,-65.4
95,Lukáš Provod,Czechia,MID,30,8000000,2771472.0,-5228528.0,-65.4
1063,Vitor Vitinha,Portugal,MID,26,140000000,48394277.0,-91605723.0,-65.4
735,Ferran Torres,Spain,FWD,26,75804430,26111636.0,-49692794.0,-65.6
1060,Pedro Joao Cancelo,Portugal,DEF,32,26500207,9057446.0,-17442761.0,-65.8
1124,Richard Rios,Colombia,MID,26,25316192,8631486.0,-16684706.0,-65.9
539,Brian Ebenezer Adjei Brobbey,Netherlands,FWD,24,30000000,10186698.0,-19813302.0,-66.0
736,Fabian Ruiz,Spain,MID,30,58551285,19910474.0,-38640811.0,-66.0
1044,Tomás Tomas Araujo,Portugal,DEF,24,51844007,17575445.0,-34268562.0,-66.1
100,Tomáš Soucek,Czechia,MID,31,10000000,3385159.0,-6614841.0,-66.1
815,Darwin Gabriel Nunez,Uruguay,FWD,27,20956263,7033719.0,-13922544.0,-66.4
748,Pedro Pedri,Spain,MID,24,150000000,50409280.0,-99590720.0,-66.4
217,Matheus Matheus Cunha,Brazil,FWD,27,50776605,17010313.0,-33766292.0,-66.5
925,Fredrik André Bjorkan,Norway,DEF,28,9608913,3202693.0,-6406220.0,-66.7
15,Israel Reyes,Mexico,DEF,26,24804521,8266244.0,-16538277.0,-66.7
547,Zion Suzuki,Japan,GK,24,20000000,6555068.0,-13444932.0,-67.2
179,Omer Assim Madibo,Qatar,MID,30,7259746,2376532.0,-4883214.0,-67.3
1134,Jefferson Andrés Lerma,Colombia,MID,32,27021837,8808126.0,-18213711.0,-67.4
743,Alejandro Baena,Spain,MID,25,103201022,33306269.0,-69894753.0,-67.7
823,Matías Nicolas Vina,Uruguay,DEF,29,11419482,3671375.0,-7748107.0,-67.8
950,Exequiel Alejandro Palacios,Argentina,MID,28,25000000,7985421.0,-17014579.0,-68.1
158,Miguel Pedro,Qatar,DEF,36,5982512,1902680.0,-4079832.0,-68.2
93,Pavel Sulc,Czechia,FWD,26,20000000,6352537.0,-13647463.0,-68.2
580,Daniel Jonathan Svensson,Sweden,DEF,24,22000000,6877215.0,-15122785.0,-68.7
924,Fredrik Aursnes,Norway,MID,31,15000000,4637767.0,-10362233.0,-69.1
1041,Diogo Diogo Costa,Portugal,GK,27,25000000,7692073.0,-17307927.0,-69.2
23,Jesús Daniel Gallardo,Mexico,DEF,32,24033269,7387794.0,-16645475.0,-69.3
1196,Petar Musa,Croatia,FWD,28,12000000,3650083.0,-8349917.0,-69.6
405,Ozan Muhammed Kabak,Türkiye,DEF,26,15000000,4513345.0,-10486655.0,-69.9
869,Nicolas Jackson,Senegal,FWD,25,40000000,11872251.0,-28127749.0,-70.3
528,Ryan Jiro Gravenberch,Netherlands,MID,24,80000000,23756246.0,-56243754.0,-70.3
1008,Konrad Laimer,Austria,MID,29,32000000,9425690.0,-22574310.0,-70.5
241,Chemsdine Talbi,Morocco,MID,21,25000000,7346089.0,-17653911.0,-70.6
88,Patrik Schick,Czechia,FWD,30,18000000,5230738.0,-12769262.0,-70.9
174,Hussain Sultan,Qatar,DEF,30,6687129,1932208.0,-4754921.0,-71.1
936,Julian Ryerson,Norway,FWD,29,25000000,7170255.0,-17829745.0,-71.3
600,Ali Abdi,Tunisia,DEF,33,9019352,2581556.0,-6437796.0,-71.4
421,Aleksandar Pavlovic,Germany,MID,22,90000000,25628017.0,-64371983.0,-71.5
690,Seyed Saman Ghoddos,IR Iran,MID,33,9307706,2650429.0,-6657277.0,-71.5
681,Milad Mohammadi,IR Iran,DEF,33,10538861,2995605.0,-7543256.0,-71.6
840,Aurélien Djani Tchouameni,France,MID,26,70000000,19650428.0,-50349572.0,-71.9
213,Henrique,Brazil,MID,34,19055262,5302855.0,-13752407.0,-72.2
84,ě pán Chaloupek,Czechia,DEF,23,8333277,2295900.0,-6037377.0,-72.4
1080,Noah Junior Sadiki,Congo DR,MID,22,35000000,9625504.0,-25374496.0,-72.5
819,Guillermo Varela,Uruguay,DEF,33,11888803,3229158.0,-8659645.0,-72.8
589,Viktor Einar Gyokeres,Sweden,FWD,28,65000000,17582808.0,-47417192.0,-72.9
579,Lucas Erik Holger Bergvall,Sweden,MID,20,35000000,9428733.0,-25571267.0,-73.1
309,Mc,Scotland,MID,34,7865734,2117359.0,-5748375.0,-73.1
576,Isak Malcolm Kwaku Hien,Sweden,DEF,27,22000000,5827963.0,-16172037.0,-73.5
470,Ousmane Diomande,Côte d'Ivoire,DEF,23,42000000,11143041.0,-30856959.0,-73.5
479,Yan Diomande,Côte d'Ivoire,FWD,20,90000000,23599235.0,-66400765.0,-73.8
438,David Raum,Germany,DEF,28,25000000,6490151.0,-18509849.0,-74.0
557,Daizen Maeda,Japan,MID,29,13000000,3361246.0,-9638754.0,-74.1
227,Felipe Endrick,Brazil,FWD,20,40000000,10242649.0,-29757351.0,-74.4
1170,Jarell Amorin Quansah,England,DEF,23,45000000,11421306.0,-33578694.0,-74.6
771,Johnson Willy,Cabo Verde,MID,32,6596233,1670431.0,-4925802.0,-74.7
570,Kaishu Sano,Japan,MID,26,40000000,10128682.0,-29871318.0,-74.7
1057,Alexandre Rafael Leao,Portugal,FWD,27,50000000,12258188.0,-37741812.0,-75.5
228,Lucas Lucas Paqueta,Brazil,MID,29,49178835,11871672.0,-37307163.0,-75.9
183,Gregor Kobel,Switzerland,GK,29,40000000,9557860.0,-30442140.0,-76.1
196,Ardon Jashari,Switzerland,MID,24,25000000,5949002.0,-19050998.0,-76.2
221,Luiz Danilo,Brazil,DEF,35,22718179,5414308.0,-17303871.0,-76.2
775,Miguel Nuno Da Costa,Cabo Verde,MID,35,4137438,958250.0,-3179188.0,-76.8
1066,Francisco Francisco Conceicao,Portugal,FWD,24,55985253,12913336.0,-43071917.0,-76.9
1226,Fidel Escobar,Panama,DEF,31,7099067,1619880.0,-5479187.0,-77.2
648,Amadou Ba Onana,Belgium,MID,25,27121973,6156264.0,-20965709.0,-77.3
1135,Johan Andrés Mojica,Colombia,DEF,34,17857738,4027956.0,-13829782.0,-77.4
230,MARTINELLIGabriel Gabriel,Brazil,FWD,25,40754816,9016644.0,-31738172.0,-77.9
953,Giuliano Simeone,Argentina,FWD,24,40000000,8820222.0,-31179778.0,-77.9
635,Jeremy Baffour Doku,Belgium,FWD,24,75000000,16398080.0,-58601920.0,-78.1
834,Malo Arthur Gusto,France,DEF,23,35000000,7646409.0,-27353591.0,-78.2
439,Felix Kalu Nmecha,Germany,MID,26,50000000,10893932.0,-39106068.0,-78.2
340,Victor Gustavo Velazquez,Paraguay,DEF,35,4446693,966465.0,-3480228.0,-78.3
1094,Abdukodir Khusanov,Uzbekistan,DEF,22,50000000,10528447.0,-39471553.0,-78.9
1055,Pedro Joao Neves,Portugal,MID,22,140000000,29315998.0,-110684002.0,-79.1
521,Bart Verbruggen,Netherlands,GK,24,40000000,8340061.0,-31659939.0,-79.1
883,El Hadji Malick Diouf,Senegal,DEF,22,28000000,5860229.0,-22139771.0,-79.1
538,Donyell Malen,Netherlands,FWD,27,45000000,9338240.0,-35661760.0,-79.2
919,Erling Braut Haaland,Norway,FWD,26,200000000,40598647.0,-159401353.0,-79.7
910,Dhia Jirjis Frans,Iraq,DEF,33,5714241,1157648.0,-4556593.0,-79.7
431,Nico Cédric Schlotterbeck,Germany,DEF,27,55000000,11135729.0,-43864271.0,-79.8
535,Micky Van De Ven,Netherlands,DEF,25,50000000,10083304.0,-39916696.0,-79.8
1043,Rúben Ruben Dias,Portugal,DEF,29,59075240,11837912.0,-47237328.0,-80.0
849,William Alain André Gabriel Saliba,France,DEF,25,100000000,19694716.0,-80305284.0,-80.3
413,Ugurcan Cakir,Türkiye,GK,30,15000000,2919864.0,-12080136.0,-80.5
424,Leon Christoph Goretzka,Germany,MID,31,12000000,2330150.0,-9669850.0,-80.6
958,Lautaro Javier Martinez,Argentina,FWD,29,85000000,16376255.0,-68623745.0,-80.7
562,Tsuyoshi Watanabe,Japan,DEF,29,10000000,1908518.0,-8091482.0,-80.9
1050,Bernardo Bernardo Silva,Portugal,MID,32,22000000,4197684.0,-17802316.0,-80.9
417,Manuel Peter Neuer,Germany,GK,40,4000000,764322.0,-3235678.0,-80.9
426,Jamal Musiala,Germany,MID,23,100000000,18167468.0,-81832532.0,-81.8
1168,Reece Lewis James,England,DEF,27,60000000,10703425.0,-49296575.0,-82.2
351,Jose Maria Canale,Paraguay,DEF,30,7223563,1288143.0,-5935420.0,-82.2
1169,Tehuti Djed-Hotep Spence,England,DEF,26,65469734,11425899.0,-54043835.0,-82.5
689,Mohammadhossein Kanani,IR Iran,DEF,32,13284748,2301466.0,-10983282.0,-82.7
477,Ange-Yoan Laurent Bonny,Côte d'Ivoire,FWD,23,35000000,6058651.0,-28941349.0,-82.7
858,Maxence Guy Lacroix,France,DEF,26,50000000,8623005.0,-41376995.0,-82.8
134,Tarik Muharemovic,Bosnia and Herzegovina,DEF,23,25000000,4292207.0,-20707793.0,-82.8
962,Nahuel Molina,Argentina,DEF,28,105579655,17133546.0,-88446109.0,-83.8
677,Ali Reza Beiranvand,IR Iran,GK,34,13579782,2199974.0,-11379808.0,-83.8
850,Warren Marie Jean-Pierre Zaire-Emery,France,MID,20,80000000,12856679.0,-67143321.0,-83.9
540,Teun Koopmeiners,Netherlands,MID,28,29091311,4603504.0,-24487807.0,-84.2
1161,Morgan Elliot Rogers,England,MID,24,90000000,13894195.0,-76105805.0,-84.6
1174,Joško Gvardiol,Croatia,DEF,24,70000000,10542858.0,-59457142.0,-84.9
534,Tijjani Martinus Jan Reijnders,Netherlands,MID,28,50000000,7478212.0,-42521788.0,-85.0
1207,Antoine Serlom Semenyo,Ghana,MID,26,80000000,11665856.0,-68334144.0,-85.4
751,Unai Simon,Spain,GK,29,108528435,15625496.0,-92902939.0,-85.6
1127,Jhon Andrés Cordoba,Colombia,FWD,33,16910822,2353069.0,-14557753.0,-86.1
1042,SEMEDONélson Nelson,Portugal,DEF,33,26711630,3528401.0,-23183229.0,-86.8
856,Mathis Rayan Cherki,France,MID,23,90000000,11502812.0,-78497188.0,-87.2
755,José Vozinha,Cabo Verde,GK,40,6093165,741547.0,-5351618.0,-87.8
232,IBANEZRoger Roger,Brazil,DEF,28,24113577,2951036.0,-21162541.0,-87.8
334,Mc,USA,DEF,27,20375657,2337946.0,-18037711.0,-88.5
733,Marcos Llorente,Spain,DEF,31,74918931,8394961.0,-66523970.0,-88.8
847,Ibrahima Konate,France,DEF,27,45000000,4975165.0,-40024835.0,-88.9
1165,Eberechi Oluchi Eze,England,MID,28,65000000,7009824.0,-57990176.0,-89.2
639,Thomas Andre Meunier,Belgium,DEF,35,28954891,2883106.0,-26071785.0,-90.0
219,Raphael Raphinha,Brazil,FWD,30,70000000,6995849.0,-63004151.0,-90.0
679,Ehsan Hajisafi,IR Iran,DEF,36,17606596,1656937.0,-15949659.0,-90.6
209,Ramsés Alisson,Brazil,GK,34,34947424,3250352.0,-31697072.0,-90.7
1061,Diogo Ruben,Portugal,MID,29,39746889,3655939.0,-36090950.0,-90.8
1130,Camilo Andres Vargas,Colombia,GK,37,17816016,1599965.0,-16216051.0,-91.0
829,Nestor Fernando Muslera,Uruguay,GK,40,9200709,670263.0,-8530446.0,-92.7
1157,Dean Bradley Henderson,England,GK,29,28000000,2049835.0,-25950165.0,-92.7
734,Mikel Merino,Spain,MID,30,101203363,7085442.0,-94117921.0,-93.0
1140,Deiver Machado,Colombia,DEF,33,25905532,1256188.0,-24649344.0,-95.2
938,Marcos Nicolás Senesi,Argentina,DEF,29,140833138,5727829.0,-135105309.0,-95.9
