,PC1,PC2,PC3,PC4,PC5,PC6,PC7,PC8,PC9,PC10,PC11
goals_p90,-0.262098643044925,0.12032734501324471,0.3255268970189734,-0.05056888103049199,0.42293094954337135,-0.12330364202248778,-0.06827921377932454,-0.006838204646655044,0.022562141352898732,-0.06322614697097723,-0.1583341269612927
assists_p90,-0.13235699481601934,-0.11715632396248593,0.21981502440293396,-0.09282045362152029,0.14713069590972605,0.21258130047231436,0.7974921259910884,-0.20326113385093053,0.2693181206457677,0.26832266517844966,-0.0480257950586363
shots_p90,-0.31861193619775097,0.07893242495109175,0.35283186789716425,0.025088205634583773,0.08789095365208317,-0.052772064200448165,-0.13116202496734994,0.05695376076439662,-0.18342791035973274,-0.11324859712959127,0.11530618311550689
shots_on_target_p90,-0.3148977746447013,0.1346072178504569,0.3603581645516021,-0.004714469750265783,0.29754867257997203,-0.10280186847647008,-0.10170654835310876,0.07489861099642976,-0.06775622854098858,-0.07376824459168199,-0.013685106147930557
passes_p90,0.28982182825400055,-0.1858793884840851,0.38425810734221993,-0.29332704587526026,-0.062299753183091264,0.24619028870421106,-0.12973967729605382,0.016868944104176487,-0.18561218935429016,0.10978016912362504,0.07512410652035002
accurate_passes_p90,0.29019392640611213,-0.1759152029564014,0.36942745197953947,-0.312606884810799,-0.048805192142692924,0.25413185260471916,-0.14924082608448774,0.0008953740963767359,-0.17384044175353722,0.12906303421375598,0.09990567301885962
crosses_p90,-0.15219687916706537,-0.2697892115822662,0.16126617904442184,0.05389526288516123,-0.37108205431033936,0.02643412594269163,0.30450878230310563,0.4225459515016893,-0.1473715737345651,-0.5122719065922928,-0.19235033491236658
tackles_p90,0.10317670132253601,-0.19349512865357266,0.07800253405128305,0.5418135622239235,0.05659510707681459,0.23348531736582365,-0.0410265003085077,0.2348911861103777,-0.15949136893767074,0.15936783168158822,-0.45347887772784756
interceptions_p90,0.2596144588747041,-0.0998690246369535,0.22414663567783916,0.033647866925491314,0.06692572109521759,-0.29757428355647025,-0.13868979789433694,0.24464877582783331,0.6812587042717608,-0.0722444485426537,-0.06085271054958448
clearances_p90,0.34300095972632,0.14688206768047415,0.023328897340260033,-0.003890843474026297,0.05937443588443498,-0.2145459232857418,0.14825363090693933,0.036160099314389474,-0.015769156881318105,-0.1947598173415464,0.17134933526717602
blocks_p90,0.20042977792386632,-0.08414340274611112,0.05892716917785411,0.3928671246904537,0.20394870117585825,-0.3880034163170151,0.2045203387386203,-0.06675234131465349,-0.45564747118423277,0.22741671133197905,0.23084108411551896
recoveries_p90,0.36643266659878637,0.015225537605092267,0.25897871806372746,0.20349057272331375,0.021890281817045762,-0.186117571262365,0.06728749545648509,0.08132198274660057,0.12444049088230029,0.045692513595066826,-0.021664289605546568
duels_won_p90,0.11340777745064094,0.5600716766581243,0.17435234223050913,0.055157802031372806,-0.2579534998410599,0.05937339408494469,0.1040683954964804,-0.07109393108096734,-0.03933905938821245,-0.04845670146699507,-0.08954080208699014
aerial_duels_won_p90,0.11990759496366803,0.5532203181539761,0.1812790340674524,0.06284117495924696,-0.2573224761276126,0.051125140245369856,0.11424378576279154,-0.0634079987439964,-0.057647103612083056,-0.05541043144641897,-0.10511078800980543
dribbles_attempted_p90,-0.20609552627532496,-0.23300417963368478,0.20144175426986047,0.1233572880110808,-0.40526927739565555,-0.25609022967215633,0.0582558698207249,-0.14222556131881373,0.04847309656856873,-0.07072792334369891,0.4948649730070081
fouls_committed_p90,-0.021104281900225126,0.06882967086410494,0.0647327009151226,0.49249053062087883,0.12171335641594756,0.583101113652031,-0.1198966067791607,-0.03495110461709581,0.24183247870338423,-0.16608270673133999,0.46822938581559675
fouls_won_p90,-0.18523201320033972,-0.11627019728143201,0.2121794808180463,0.21078471848427327,-0.39921240357723864,-0.11905237668187275,-0.26279500336512424,-0.44100106401983824,0.14215230761215572,0.3021653865843487,-0.28547535757953024
offsides_p90,-0.21709005674812212,0.20144994212533857,-0.02765406996733465,-0.04311850959647924,-0.18652738543442934,-0.013307998809313945,-0.0006113822426864129,0.6469497956998369,0.05933779192684168,0.6024481987304402,0.2221751647188883
