possession,shots,sot,corners,saves,fouls,offsides,gf,ga,gd,sot_acc,conv,cluster,style_confidence,cluster_label,team_id,team_name
53.16,14.0,4.2,4.4,1.4,11.4,1.0,1.2,1.4,-0.2,30.0,8.6,0,64.9,Possession / Passing Teams,1,Mexico
55.38,11.67,4.5,4.33,2.83,12.5,1.83,1.33,1.33,0.0,38.6,11.4,0,60.1,Possession / Passing Teams,10,Morocco
41.0,9.33,2.0,3.33,4.67,12.67,1.33,1.0,2.33,-1.33,21.4,10.7,2,71.6,Balanced Teams,11,Haiti
44.0,8.0,1.67,3.33,3.33,11.33,1.67,1.67,0.0,1.67,20.9,20.9,1,69.4,Attacking Teams,12,Scotland
53.84,11.4,3.6,5.0,2.4,10.6,1.6,1.4,2.4,-1.0,31.6,12.3,0,61.7,Possession / Passing Teams,13,USA
29.64,7.2,1.8,2.0,5.8,13.2,1.0,0.8,1.0,-0.2,25.0,11.1,2,59.4,Balanced Teams,14,Paraguay
41.12,9.25,3.5,4.0,2.75,12.0,0.75,0.25,1.25,-1.0,37.8,2.7,2,60.0,Balanced Teams,15,Australia
66.03,25.33,6.33,8.0,2.33,9.67,2.33,1.0,1.67,-0.67,25.0,3.9,0,70.7,Possession / Passing Teams,16,Türkiye
63.5,19.5,8.25,9.5,2.0,11.25,2.0,1.0,3.0,-2.0,42.3,5.1,0,68.7,Possession / Passing Teams,17,Germany
38.33,6.67,1.33,1.0,8.33,13.33,1.33,1.0,2.33,-1.33,19.9,15.0,2,66.0,Balanced Teams,18,Curaçao
50.1,13.5,4.75,6.5,3.0,9.25,2.25,1.25,1.0,0.25,35.2,9.3,0,62.1,Possession / Passing Teams,19,Côte d'Ivoire
48.68,9.75,2.75,3.0,4.25,11.75,1.5,0.5,1.0,-0.5,28.2,5.1,2,60.3,Balanced Teams,2,South Africa
53.95,14.5,5.5,6.25,6.25,13.25,1.25,0.25,1.25,-1.0,37.9,1.7,0,55.6,Possession / Passing Teams,20,Ecuador
50.98,11.0,5.75,6.0,3.0,11.25,2.25,1.75,2.25,-0.5,52.3,15.9,0,65.2,Possession / Passing Teams,21,Netherlands
45.75,10.25,4.25,4.0,2.75,11.0,1.0,2.0,1.25,0.75,41.5,19.5,1,64.2,Attacking Teams,22,Japan
46.52,12.0,5.5,3.0,5.25,11.5,2.0,0.75,3.5,-2.75,45.8,6.2,2,58.4,Balanced Teams,23,Sweden
42.33,5.67,2.0,2.33,4.33,9.33,1.33,2.67,2.0,0.67,35.3,47.1,1,64.9,Attacking Teams,24,Tunisia
57.52,17.67,6.67,4.67,2.5,12.33,1.5,2.17,1.33,0.84,37.7,12.3,0,60.4,Possession / Passing Teams,25,Belgium
48.52,13.8,4.6,4.8,2.6,12.2,1.0,1.6,1.4,0.2,33.3,11.6,0,56.1,Possession / Passing Teams,26,Egypt
43.8,12.0,3.33,3.33,5.33,10.0,2.33,1.0,1.0,0.0,27.8,8.3,2,51.8,Balanced Teams,27,IR Iran
43.63,10.33,4.33,2.33,6.0,10.67,1.33,3.33,1.33,2.0,41.9,32.2,1,68.3,Attacking Teams,28,New Zealand
61.12,17.12,7.0,7.5,2.62,8.88,2.0,0.62,1.25,-0.63,40.9,3.6,0,74.0,Possession / Passing Teams,29,Spain
57.67,9.67,3.33,4.0,2.67,8.67,1.67,0.33,1.33,-1.0,34.4,3.4,0,53.1,Possession / Passing Teams,3,South Korea
37.0,12.25,3.25,3.0,5.75,7.0,1.75,1.0,1.25,-0.25,26.5,8.2,2,58.4,Balanced Teams,30,Cabo Verde
38.4,6.0,2.33,2.33,6.0,12.33,1.33,0.33,1.67,-1.34,38.8,5.5,2,71.8,Balanced Teams,31,Saudi Arabia
57.93,18.0,6.67,9.33,3.0,10.0,1.67,1.33,1.0,0.33,37.1,7.4,0,68.9,Possession / Passing Teams,32,Uruguay
56.18,15.88,7.0,6.25,2.62,9.38,1.38,1.75,2.0,-0.25,44.1,11.0,0,72.0,Possession / Passing Teams,33,France
52.9,15.75,5.75,5.5,2.5,9.0,1.5,1.25,3.5,-2.25,36.5,7.9,0,61.0,Possession / Passing Teams,34,Senegal
37.9,7.0,0.67,3.33,5.33,9.0,0.67,1.33,3.0,-1.67,9.6,19.0,2,69.1,Balanced Teams,35,Iraq
52.72,9.83,4.5,4.0,3.17,9.83,0.83,2.67,1.33,1.34,45.8,27.2,1,64.7,Attacking Teams,36,Norway
57.88,14.0,6.12,5.25,2.0,10.25,2.0,1.25,2.12,-0.87,43.7,8.9,0,73.9,Possession / Passing Teams,37,Argentina
56.75,11.25,3.5,2.75,2.0,8.0,1.5,1.25,2.25,-1.0,31.1,11.1,0,56.5,Possession / Passing Teams,38,Algeria
48.8,7.75,2.0,2.5,3.0,11.75,3.0,1.0,2.75,-1.75,25.8,12.9,2,65.6,Balanced Teams,39,Austria
44.77,12.33,2.33,4.33,3.0,11.33,1.67,1.67,1.0,0.67,18.9,13.5,1,64.3,Attacking Teams,4,Czechia
30.93,7.33,2.0,2.33,3.67,10.67,1.0,2.0,1.67,0.33,27.3,27.3,1,57.6,Attacking Teams,40,Jordan
57.68,12.2,3.4,5.4,4.4,8.4,1.6,0.6,1.6,-1.0,27.9,4.9,0,56.5,Possession / Passing Teams,41,Portugal
42.65,10.5,2.5,3.0,3.0,10.5,2.5,0.75,1.75,-1.0,23.8,7.1,2,65.1,Balanced Teams,42,Congo DR
37.53,5.33,1.33,3.0,3.33,14.0,1.67,1.33,3.0,-1.67,25.0,25.0,2,66.9,Balanced Teams,43,Uzbekistan
57.48,17.2,5.2,4.6,1.8,11.6,2.0,0.6,0.6,0.0,30.2,3.5,0,66.8,Possession / Passing Teams,44,Colombia
53.21,14.62,6.5,5.75,2.75,10.25,1.62,2.25,1.75,0.5,44.5,15.4,0,60.7,Possession / Passing Teams,45,England
48.82,11.5,5.0,3.75,2.0,10.5,2.25,1.25,2.0,-0.75,43.5,10.9,0,61.5,Possession / Passing Teams,46,Croatia
41.25,7.5,1.25,2.25,4.25,10.75,1.0,0.25,1.0,-0.75,16.7,3.3,2,65.4,Balanced Teams,47,Ghana
46.33,10.33,2.33,2.33,2.67,13.67,2.67,1.0,0.33,0.67,22.6,9.7,1,59.8,Attacking Teams,48,Panama
54.36,16.2,6.4,8.8,1.4,14.2,2.0,1.2,1.8,-0.6,39.5,7.4,0,73.0,Possession / Passing Teams,5,Canada
45.65,9.25,3.5,3.75,3.0,13.5,0.75,0.75,2.5,-1.75,37.8,8.1,2,61.3,Balanced Teams,6,Bosnia and Herzegovina
33.0,5.67,2.0,3.0,5.33,12.0,1.67,0.67,3.33,-2.66,35.3,11.8,2,71.7,Balanced Teams,7,Qatar
52.55,12.5,4.67,5.17,3.17,11.67,0.67,0.67,2.0,-1.33,37.4,5.4,0,61.0,Possession / Passing Teams,8,Switzerland
56.4,15.4,6.2,5.6,1.8,9.0,1.4,1.4,1.4,0.0,40.3,9.1,0,71.7,Possession / Passing Teams,9,Brazil
