player_id,player_name,team_id,position,position_group,cluster,n_clusters,silhouette_score
2,Jorge Eduardo Sanchez,1,DEF,DF,0,3,0.7661210240408605
3,César Jasib Montes,1,DEF,DF,1,3,0.7661210240408605
4,Edson Omar Alvarez,1,DEF,DF,2,3,0.7661210240408605
5,Johan Felipe Vasquez,1,DEF,DF,0,3,0.7661210240408605
15,Israel Reyes,1,DEF,DF,0,3,0.7661210240408605
20,Mateo Chavez,1,DEF,DF,0,3,0.7661210240408605
23,Jesús Daniel Gallardo,1,DEF,DF,0,3,0.7661210240408605
28,Tholo Thabang Matuludi,2,DEF,DF,0,3,0.7661210240408605
29,Khulumani Ndamane,2,DEF,DF,0,3,0.7661210240408605
32,Aubrey Maphosa Modiba,2,DEF,DF,0,3,0.7661210240408605
40,Mbekezeli Mfanufikile Mbokazi,2,DEF,DF,0,3,0.7661210240408605
44,Samukele Alucious Kabini,2,DEF,DF,0,3,0.7661210240408605
45,Nkosinathi Emmanuel Sibisi,2,DEF,DF,0,3,0.7661210240408605
46,Khuliso Johnson Mudau,2,DEF,DF,0,3,0.7661210240408605
47,Ime Daniel Okon,2,DEF,DF,0,3,0.7661210240408605
50,Olwethu Mpilwenhle Makhanya,2,DEF,DF,0,3,0.7661210240408605
52,Bradley Paul Cross,2,DEF,DF,0,3,0.7661210240408605
54,Hanbeom Lee,3,DEF,DF,0,3,0.7661210240408605
56,Minjae Kim,3,DEF,DF,0,3,0.7661210240408605
57,Taehyeon Kim,3,DEF,DF,0,3,0.7661210240408605
65,Taeseok Lee,3,DEF,DF,0,3,0.7661210240408605
66,Wije Cho,3,DEF,DF,0,3,0.7661210240408605
67,Moonhwan Kim,3,DEF,DF,0,3,0.7661210240408605
68,Jinseob Park,3,DEF,DF,0,3,0.7661210240408605
74,Youngwoo Seol,3,DEF,DF,0,3,0.7661210240408605
75,Jens Castrop,3,DEF,DF,0,3,0.7661210240408605
80,David Zima,4,DEF,DF,0,3,0.7661210240408605
81,Tomáš Holes,4,DEF,DF,0,3,0.7661210240408605
82,Robin Hranac,4,DEF,DF,0,3,0.7661210240408605
83,Vladimír Coufal,4,DEF,DF,0,3,0.7661210240408605
84,ě pán Chaloupek,4,DEF,DF,0,3,0.7661210240408605
85,Ladislav Krejci,4,DEF,DF,0,3,0.7661210240408605
92,David Jurasek,4,DEF,DF,0,3,0.7661210240408605
98,Jaroslav Zeleny,4,DEF,DF,0,3,0.7661210240408605
99,David Doudera,4,DEF,DF,0,3,0.7661210240408605
106,Alistair William Johnston,5,DEF,DF,0,3,0.7661210240408605
107,Alfie Charles Jones,5,DEF,DF,0,3,0.7661210240408605
108,Luc De Fougerolles,5,DEF,DF,0,3,0.7661210240408605
109,Joel Robert Waterman,5,DEF,DF,0,3,0.7661210240408605
117,Derek Austin Cornelius,5,DEF,DF,0,3,0.7661210240408605
119,Moïse Bombito Bombito,5,DEF,DF,0,3,0.7661210240408605
123,Alphonso Boyle Davies,5,DEF,DF,0,3,0.7661210240408605
126,Richmond Mamah Laryea,5,DEF,DF,0,3,0.7661210240408605
127,Niko Kristian Sigur,5,DEF,DF,0,3,0.7661210240408605
132,Nihad Mujakic,6,DEF,DF,0,3,0.7661210240408605
133,Dennis Hadzikadunic,6,DEF,DF,2,3,0.7661210240408605
134,Tarik Muharemovic,6,DEF,DF,1,3,0.7661210240408605
135,Sead Kolasinac,6,DEF,DF,0,3,0.7661210240408605
137,Amar Dedic,6,DEF,DF,0,3,0.7661210240408605
148,Nikola Katic,6,DEF,DF,0,3,0.7661210240408605
151,Stjepan Radeljic,6,DEF,DF,0,3,0.7661210240408605
154,Arjan Malic,6,DEF,DF,0,3,0.7661210240408605
158,Miguel Pedro,7,DEF,DF,0,3,0.7661210240408605
159,Michel Lucas,7,DEF,DF,0,3,0.7661210240408605
160,Gueye Issa Laye,7,DEF,DF,0,3,0.7661210240408605
161,Gaber Jassem,7,DEF,DF,0,3,0.7661210240408605
169,Mohamed Ayoub Aloui,7,DEF,DF,0,3,0.7661210240408605
170,Elamin Homam,7,DEF,DF,1,3,0.7661210240408605
172,KHOUKHIBoualem Boualem,7,DEF,DF,0,3,0.7661210240408605
174,Hussain Sultan,7,DEF,DF,0,3,0.7661210240408605
181,Alhussein Alhashmi,7,DEF,DF,0,3,0.7661210240408605
184,Miro Max Maria Muheim,8,DEF,DF,0,3,0.7661210240408605
185,Silvan Dominic Widmer,8,DEF,DF,0,3,0.7661210240408605
186,Nico Elvedi,8,DEF,DF,0,3,0.7661210240408605
187,Manuel Obafemi Akanji,8,DEF,DF,0,3,0.7661210240408605
195,Ricardo Ivan Rodriguez,8,DEF,DF,0,3,0.7661210240408605
200,Eray Ervin Coemert,8,DEF,DF,0,3,0.7661210240408605
206,Aurèle Florian Amenda,8,DEF,DF,0,3,0.7661210240408605
207,Luca Antony Jaquez,8,DEF,DF,0,3,0.7661210240408605
211,Gabriel Gabriel Magalhaes,9,DEF,DF,0,3,0.7661210240408605
212,MARQUINHOSMarcos,9,DEF,DF,0,3,0.7661210240408605
214,Sandro Alex,9,DEF,DF,0,3,0.7661210240408605
221,Luiz Danilo,9,DEF,DF,0,3,0.7661210240408605
222,Bremer Bremer,9,DEF,DF,0,3,0.7661210240408605
223,PEREIRALeonardo Leo,9,DEF,DF,0,3,0.7661210240408605
224,Douglas Douglas Santos,9,DEF,DF,0,3,0.7661210240408605
232,IBANEZRoger Roger,9,DEF,DF,0,3,0.7661210240408605
236,Achraf Hakimi,10,DEF,DF,0,3,0.7661210240408605
237,Noussair Mazraoui,10,DEF,DF,0,3,0.7661210240408605
239,Marwane Saadane,10,DEF,DF,0,3,0.7661210240408605
247,Zakaria El Ouahdi,10,DEF,DF,0,3,0.7661210240408605
248,Issa Laye Lucas Jean Diop,10,DEF,DF,0,3,0.7661210240408605
252,Chadi Riad,10,DEF,DF,0,3,0.7661210240408605
253,Youssef Belammari,10,DEF,DF,0,3,0.7661210240408605
259,Redouane Halhal,10,DEF,DF,0,3,0.7661210240408605
260,Anass Salah Eddine,10,DEF,DF,0,3,0.7661210240408605
262,Carlens Jean Fedlaire Ruby Arcus,11,DEF,DF,0,3,0.7661210240408605
263,Keeto Thermoncy,11,DEF,DF,0,3,0.7661210240408605
264,Ricardo Ade,11,DEF,DF,0,3,0.7661210240408605
265,Hannes Piterson Delcroix,11,DEF,DF,0,3,0.7661210240408605
268,Martin Yves Roberns Didier Experience,11,DEF,DF,0,3,0.7661210240408605
273,Markhus Lacroix,11,DEF,DF,0,3,0.7661210240408605
274,Garven-Michee Metusala,11,DEF,DF,0,3,0.7661210240408605
282,Jean-Kévin Duverne,11,DEF,DF,0,3,0.7661210240408605
284,Wilguens Raphael Polynice Paugain,11,DEF,DF,0,3,0.7661210240408605
288,Aaron Buchanan Hickey,12,DEF,DF,0,3,0.7661210240408605
289,Andrew Henry Robertson,12,DEF,DF,0,3,0.7661210240408605
291,Grant Campbell Hanley,12,DEF,DF,0,3,0.7661210240408605
292,Kieran Tierney,12,DEF,DF,0,3,0.7661210240408605
299,Jack William Hendry,12,DEF,DF,0,3,0.7661210240408605
301,John Francis Souttar,12,DEF,DF,0,3,0.7661210240408605
302,Dominic John Hyam,12,DEF,DF,0,3,0.7661210240408605
308,Nathan Kenneth Patterson,12,DEF,DF,0,3,0.7661210240408605
310,Anthony Ralston,12,DEF,DF,0,3,0.7661210240408605
312,Mc,12,DEF,DF,0,3,0.7661210240408605
314,Sergiño Gianni Dest,13,DEF,DF,0,3,0.7661210240408605
315,Christopher Jeffrey Richards,13,DEF,DF,0,3,0.7661210240408605
317,Antonee Robinson,13,DEF,DF,0,3,0.7661210240408605
318,Auston Levi-Jesaiah Trusty,13,DEF,DF,0,3,0.7661210240408605
324,Miles Gordon Robinson,13,DEF,DF,0,3,0.7661210240408605
325,Timothy Michael Ream,13,DEF,DF,0,3,0.7661210240408605
328,Alexander Michael Freeman,13,DEF,DF,0,3,0.7661210240408605
330,Maximilian Michael Arfsten,13,DEF,DF,0,3,0.7661210240408605
334,Mc,13,DEF,DF,0,3,0.7661210240408605
335,Joseph Michael Scally,13,DEF,DF,0,3,0.7661210240408605
340,Victor Gustavo Velazquez,14,DEF,DF,0,3,0.7661210240408605
341,Omar Federico Alderete,14,DEF,DF,0,3,0.7661210240408605
342,Juan Jose Caceres,14,DEF,DF,0,3,0.7661210240408605
343,Fabián Cornelio Balbuena,14,DEF,DF,0,3,0.7661210240408605
344,Júnior Osmar Ignacio Alonso,14,DEF,DF,0,3,0.7661210240408605
351,Jose Maria Canale,14,DEF,DF,0,3,0.7661210240408605
353,Gustavo Raul Gomez,14,DEF,DF,0,3,0.7661210240408605
364,Alexandro Maidana,14,DEF,DF,0,3,0.7661210240408605
366,Milos Degenek,15,DEF,DF,0,3,0.7661210240408605
367,Alessandro Circati,15,DEF,DF,0,3,0.7661210240408605
368,Jacob Michael Italiano,15,DEF,DF,0,3,0.7661210240408605
369,Jordan Jacob Bos,15,DEF,DF,0,3,0.7661210240408605
370,Jason Kato Geria,15,DEF,DF,0,3,0.7661210240408605
379,Kai Clifton Trewin,15,DEF,DF,0,3,0.7661210240408605
380,Aziz Behich,15,DEF,DF,0,3,0.7661210240408605
383,Harry James Souttar,15,DEF,DF,0,3,0.7661210240408605
385,Cameron Robert Burgess,15,DEF,DF,0,3,0.7661210240408605
389,Lucas Herrington,15,DEF,DF,0,3,0.7661210240408605
392,Mehmet Zeki Celik,16,DEF,DF,0,3,0.7661210240408605
393,Merih Demiral,16,DEF,DF,0,3,0.7661210240408605
394,Ça ğ lar Soyuncu,16,DEF,DF,0,3,0.7661210240408605
403,Evren Eren Elmali,16,DEF,DF,0,3,0.7661210240408605
404,Abdülker Bardakci,16,DEF,DF,0,3,0.7661210240408605
405,Ozan Muhammed Kabak,16,DEF,DF,0,3,0.7661210240408605
408,Mert Muldur,16,DEF,DF,0,3,0.7661210240408605
410,Ferdi Erenay Kadioglu,16,DEF,DF,0,3,0.7661210240408605
415,Samet Akaydin,16,DEF,DF,0,3,0.7661210240408605
418,Antonio Ruediger,17,DEF,DF,0,3,0.7661210240408605
419,Waldemar Anton,17,DEF,DF,0,3,0.7661210240408605
420,Jonathan Glao Tah,17,DEF,DF,0,3,0.7661210240408605
422,Joshua Walter Kimmich,17,DEF,DF,0,3,0.7661210240408605
431,Nico Cédric Schlotterbeck,17,DEF,DF,0,3,0.7661210240408605
434,Nathaniel Christopher Brown,17,DEF,DF,0,3,0.7661210240408605
438,David Raum,17,DEF,DF,0,3,0.7661210240408605
440,Malick Thiaw,17,DEF,DF,0,3,0.7661210240408605
444,Shurandy Ruggerio Sambo,18,DEF,DF,0,3,0.7661210240408605
445,Juriën Godfried Juan Gaari,18,DEF,DF,0,3,0.7661210240408605
446,Róshón Felix Romar Jordan Van Eijma,18,DEF,DF,0,3,0.7661210240408605
447,Sherel Constancio Floranus,18,DEF,DF,0,3,0.7661210240408605
460,Armando Maria Obispo,18,DEF,DF,0,3,0.7661210240408605
462,Joshua Benjamin Brenet,18,DEF,DF,0,3,0.7661210240408605
465,Riechedly Guillermo Bazoer,18,DEF,DF,0,3,0.7661210240408605
466,Deveron Lenny Fonville,18,DEF,DF,0,3,0.7661210240408605
470,Ousmane Diomande,19,DEF,DF,0,3,0.7661210240408605
471,N'clomande Ghislain Konan,19,DEF,DF,0,3,0.7661210240408605
473,Wilfried Stephane Singo,19,DEF,DF,0,3,0.7661210240408605
475,Odilon Dorgeless Kossounou,19,DEF,DF,0,3,0.7661210240408605
481,Christopher Tea Domoraud Operi,19,DEF,DF,0,3,0.7661210240408605
485,Guela Maho-Lewis Doue,19,DEF,DF,0,3,0.7661210240408605
488,Emmanuel Elysee Djedje Agbadou,19,DEF,DF,0,3,0.7661210240408605
489,Obite Evan Ndicka,19,DEF,DF,0,3,0.7661210240408605
496,Félix Eduardo Torres,20,DEF,DF,0,3,0.7661210240408605
497,Piero Martin Hincapie,20,DEF,DF,1,3,0.7661210240408605
498,Joel Leandro Ordonez,20,DEF,DF,0,3,0.7661210240408605
500,Willian Joel Pacho,20,DEF,DF,0,3,0.7661210240408605
501,Pervis Josue Estupinan,20,DEF,DF,0,3,0.7661210240408605
511,Ángelo Smit Preciado,20,DEF,DF,0,3,0.7661210240408605
519,Jackson Gabriel Porozo,20,DEF,DF,0,3,0.7661210240408605
520,Yaimar Abel Medina,20,DEF,DF,0,3,0.7661210240408605
522,Lutsharel Emiliano Geertruida,21,DEF,DF,0,3,0.7661210240408605
524,Virgil Van Dijk,21,DEF,DF,0,3,0.7661210240408605
525,Nathan Benjamin Ake,21,DEF,DF,0,3,0.7661210240408605
526,Paul Jan-Paul Van Hecke,21,DEF,DF,0,3,0.7661210240408605
532,Mats Henrik Berne Wieffer,21,DEF,DF,0,3,0.7661210240408605
535,Micky Van De Ven,21,DEF,DF,0,3,0.7661210240408605
542,Denzel Justus Morris Dumfries,21,DEF,DF,0,3,0.7661210240408605
545,Jorrel Evan Hato,21,DEF,DF,0,3,0.7661210240408605
548,Yukinari Sugawara,22,DEF,DF,0,3,0.7661210240408605
549,Shogo Taniguchi,22,DEF,DF,0,3,0.7661210240408605
550,Kou Itakura,22,DEF,DF,0,3,0.7661210240408605
551,Yuto Nagatomo,22,DEF,DF,0,3,0.7661210240408605
562,Tsuyoshi Watanabe,22,DEF,DF,0,3,0.7661210240408605
566,Ayumu Seko,22,DEF,DF,0,3,0.7661210240408605
567,Hiroki Ito,22,DEF,DF,0,3,0.7661210240408605
568,Takehiro Tomiyasu,22,DEF,DF,0,3,0.7661210240408605
571,Junnosuke Suzuki,22,DEF,DF,0,3,0.7661210240408605
574,Gustaf Johan Lagerbielke,23,DEF,DF,0,3,0.7661210240408605
575,Victor Jörgen Lindelof,23,DEF,DF,0,3,0.7661210240408605
576,Isak Malcolm Kwaku Hien,23,DEF,DF,0,3,0.7661210240408605
577,Gabriel Johan Gudmundsson,23,DEF,DF,0,3,0.7661210240408605
578,Herman Nils Johansson,23,DEF,DF,0,3,0.7661210240408605
580,Daniel Jonathan Svensson,23,DEF,DF,0,3,0.7661210240408605
586,Hjalmar Ekdal,23,DEF,DF,0,3,0.7661210240408605
587,Carl Anders Theodor Starfelt,23,DEF,DF,0,3,0.7661210240408605
592,Eric Anders Smith,23,DEF,DF,0,3,0.7661210240408605
593,Alexander Olof Bernhardsson,23,DEF,DF,0,3,0.7661210240408605
596,Elliot Karl Stroud,23,DEF,DF,0,3,0.7661210240408605
600,Ali Abdi,24,DEF,DF,0,3,0.7661210240408605
601,Montassar Omar Talbi,24,DEF,DF,0,3,0.7661210240408605
602,Omar Rekik,24,DEF,DF,0,3,0.7661210240408605
603,Adam Arous,24,DEF,DF,0,3,0.7661210240408605
604,Dylan Daniel Mahmoud Bronn,24,DEF,DF,0,3,0.7661210240408605
610,Ahmed Mortadha Ben Ouanes,24,DEF,DF,0,3,0.7661210240408605
618,Yan Valery,24,DEF,DF,0,3,0.7661210240408605
619,Mohamed Amine Ben Hmida,24,DEF,DF,0,3,0.7661210240408605
621,Moutaz Neffati,24,DEF,DF,0,3,0.7661210240408605
622,Raed Chikhaoui,24,DEF,DF,0,3,0.7661210240408605
626,Zeno Koen Debast,25,DEF,DF,0,3,0.7661210240408605
627,Arthur Nicolas Theate,25,DEF,DF,0,3,0.7661210240408605
628,Brandon Erik Mechele,25,DEF,DF,0,3,0.7661210240408605
629,Maxim Peter De Cuyper,25,DEF,DF,0,3,0.7661210240408605
639,Thomas Andre Meunier,25,DEF,DF,0,3,0.7661210240408605
640,Koni De Winter,25,DEF,DF,0,3,0.7661210240408605
642,Joaquin Ronny Seys,25,DEF,DF,0,3,0.7661210240408605
645,Timothy Castagne,25,DEF,DF,0,3,0.7661210240408605
649,Nathan Ngoy,25,DEF,DF,1,3,0.7661210240408605
652,Ahmed Ibrahim Yasser,26,DEF,DF,0,3,0.7661210240408605
653,Hany Gamal Mohamed Hany,26,DEF,DF,0,3,0.7661210240408605
654,Abdelmegeed Abdelsalam Hossam Abdelmaguid,26,DEF,DF,0,3,0.7661210240408605
655,Abdelaziz Moustafa Ramy Rabia,26,DEF,DF,0,3,0.7661210240408605
656,Abdelmoneim Elsayed Mohamed,26,DEF,DF,0,3,0.7661210240408605
663,Mohamed Aboelfetouh Ahmed Fatouh,26,DEF,DF,0,3,0.7661210240408605
665,Hafez Ramadan Karim Hafez,26,DEF,DF,0,3,0.7661210240408605
674,Abdelghaffar Abdel Tarek Alaa,26,DEF,DF,0,3,0.7661210240408605
678,Saleh Hardani,27,DEF,DF,0,3,0.7661210240408605
679,Ehsan Hajisafi,27,DEF,DF,0,3,0.7661210240408605
680,Shojae Khalilzadeh,27,DEF,DF,0,3,0.7661210240408605
681,Milad Mohammadi,27,DEF,DF,0,3,0.7661210240408605
689,Mohammadhossein Kanani,27,DEF,DF,0,3,0.7661210240408605
693,Arya Yousefi,27,DEF,DF,0,3,0.7661210240408605
695,Ali Nemati,27,DEF,DF,0,3,0.7661210240408605
699,Ramin Rezaeian,27,DEF,DF,0,3,0.7661210240408605
701,Danial Iri,27,DEF,DF,0,3,0.7661210240408605
704,Timothy John Payne,28,DEF,DF,0,3,0.7661210240408605
705,Francis De Vries,28,DEF,DF,0,3,0.7661210240408605
706,Tyler Grant Bindon,28,DEF,DF,0,3,0.7661210240408605
707,Michael Joseph Boxall,28,DEF,DF,0,3,0.7661210240408605
715,Liberato Gianpaolo Cacace,28,DEF,DF,0,3,0.7661210240408605
717,Nando Zen Pijnaker,28,DEF,DF,0,3,0.7661210240408605
718,Finn Surman,28,DEF,DF,0,3,0.7661210240408605
726,Callan Rennie Elliot,28,DEF,DF,0,3,0.7661210240408605
728,Thomas Jefferson Smith,28,DEF,DF,0,3,0.7661210240408605
730,Marc Pubill,29,DEF,DF,0,3,0.7661210240408605
731,Alejandro Grimaldo,29,DEF,DF,0,3,0.7661210240408605
732,Eric Garcia,29,DEF,DF,0,3,0.7661210240408605
733,Marcos Llorente,29,DEF,DF,0,3,0.7661210240408605
740,Pedro Antonio Porro,29,DEF,DF,0,3,0.7661210240408605
742,Aymeric Laporte,29,DEF,DF,0,3,0.7661210240408605
750,Pau Cubarsi,29,DEF,DF,0,3,0.7661210240408605
752,Marc Cucurella,29,DEF,DF,0,3,0.7661210240408605
756,Ianique Stopira,30,DEF,DF,0,3,0.7661210240408605
757,Alberto Diney,30,DEF,DF,0,3,0.7661210240408605
758,Carlos Pico Lopes,30,DEF,DF,0,3,0.7661210240408605
759,Evans Logan Costa,30,DEF,DF,0,3,0.7661210240408605
767,CABRALSidny Sidny Lopes,30,DEF,DF,0,3,0.7661210240408605
776,MOREIRASteven Steven,30,DEF,DF,0,3,0.7661210240408605
778,Fabricio Wagner Pina,30,DEF,DF,0,3,0.7661210240408605
779,PIRESKelvin Kelvin,30,DEF,DF,0,3,0.7661210240408605
782,Hassan Ali Majrashi,31,DEF,DF,0,3,0.7661210240408605
783,Mohammed Ali Lajami,31,DEF,DF,0,3,0.7661210240408605
784,Ali Abdulelah Alamri,31,DEF,DF,0,3,0.7661210240408605
785,Mohammed Hassan Altambakti,31,DEF,DF,0,3,0.7661210240408605
792,Abdullah Saud Abdulhamid,31,DEF,DF,0,3,0.7661210240408605
793,Meshari Nawaf Bu Washl,31,DEF,DF,0,3,0.7661210240408605
794,Kadish Hassan,31,DEF,DF,0,3,0.7661210240408605
804,Saad Moteb Alharbi,31,DEF,DF,0,3,0.7661210240408605
805,Abdullatif Jehad Thikri,31,DEF,DF,0,3,0.7661210240408605
806,Waheeb Mohammed Abu Alshamat,31,DEF,DF,0,3,0.7661210240408605
808,José María Gimenez,32,DEF,DF,0,3,0.7661210240408605
809,Sebastián Enzo Caceres,32,DEF,DF,0,3,0.7661210240408605
810,Ronald Federico Araujo,32,DEF,DF,0,3,0.7661210240408605
819,Guillermo Varela,32,DEF,DF,0,3,0.7661210240408605
822,Mathías Olivera,32,DEF,DF,0,3,0.7661210240408605
823,Matías Nicolas Vina,32,DEF,DF,0,3,0.7661210240408605
830,Santiago Ignacio Bueno,32,DEF,DF,0,3,0.7661210240408605
834,Malo Arthur Gusto,33,DEF,DF,0,3,0.7661210240408605
835,Lucas Digne,33,DEF,DF,0,3,0.7661210240408605
836,Dayotchanculle Oswald Upamecano,33,DEF,DF,0,3,0.7661210240408605
837,Jules Olivier Kounde,33,DEF,DF,0,3,0.7661210240408605
847,Ibrahima Konate,33,DEF,DF,0,3,0.7661210240408605
849,William Alain André Gabriel Saliba,33,DEF,DF,0,3,0.7661210240408605
851,Théo Bernard François Hernandez,33,DEF,DF,0,3,0.7661210240408605
853,Lucas Francois Bernard Hernandez,33,DEF,DF,0,3,0.7661210240408605
858,Maxence Guy Lacroix,33,DEF,DF,0,3,0.7661210240408605
860,Mamadou Sarr,34,DEF,DF,0,3,0.7661210240408605
861,Kalidou Koulibaly,34,DEF,DF,0,3,0.7661210240408605
862,Abdoulaye Seck,34,DEF,DF,2,3,0.7661210240408605
872,Ismail Joshua Jakobs,34,DEF,DF,0,3,0.7661210240408605
873,Krepin Diatta,34,DEF,DF,0,3,0.7661210240408605
877,Moussa Niakhate,34,DEF,DF,0,3,0.7661210240408605
882,Antoine Alpha Mendy,34,DEF,DF,0,3,0.7661210240408605
883,El Hadji Malick Diouf,34,DEF,DF,0,3,0.7661210240408605
886,Ghareeb Solaka Rebin Sulaka,35,DEF,DF,1,3,0.7661210240408605
887,Haydar Hussein Hussein,35,DEF,DF,0,3,0.7661210240408605
888,Tahseen Abd Zaid Zaid,35,DEF,DF,0,3,0.7661210240408605
889,Hashim Rahman Akam Hashim,35,DEF,DF,0,3,0.7661210240408605
890,Younus Hashim Munaf Younus,35,DEF,DF,0,3,0.7661210240408605
899,Hasan Maknazi Ahmed Maknazi,35,DEF,DF,0,3,0.7661210240408605
907,Ghazi Salih Merchas,35,DEF,DF,0,3,0.7661210240408605
909,Saadoon Abbood Mustafa,35,DEF,DF,0,3,0.7661210240408605
910,Dhia Jirjis Frans,35,DEF,DF,0,3,0.7661210240408605
913,Kristoffer Vassbakk Köpp Ajer,36,DEF,DF,0,3,0.7661210240408605
914,Leo Skiri Ostigard,36,DEF,DF,0,3,0.7661210240408605
915,David Møller Moller Wolfe,36,DEF,DF,0,3,0.7661210240408605
925,Fredrik André Bjorkan,36,DEF,DF,0,3,0.7661210240408605
926,Marcus Holmgren Holmgren Pedersen,36,DEF,DF,0,3,0.7661210240408605
927,Torbjørn Lysaker Heggem,36,DEF,DF,0,3,0.7661210240408605
934,Sondre Klingen Langas,36,DEF,DF,0,3,0.7661210240408605
935,Henrik Sælebakke Falchener,36,DEF,DF,0,3,0.7661210240408605
938,Marcos Nicolás Senesi,37,DEF,DF,0,3,0.7661210240408605
939,Nicolás Alejandro Tagliafico,37,DEF,DF,0,3,0.7661210240408605
940,Gonzalo Ariel Montiel,37,DEF,DF,0,3,0.7661210240408605
942,Lisandro Martinez,37,DEF,DF,0,3,0.7661210240408605
949,Cristian Gabriel Romero,37,DEF,DF,0,3,0.7661210240408605
955,Nicolas Hernan Gonzalo Otamendi,37,DEF,DF,0,3,0.7661210240408605
961,Facundo Axel Medina,37,DEF,DF,0,3,0.7661210240408605
962,Nahuel Molina,37,DEF,DF,0,3,0.7661210240408605
964,Aissa Mandi,38,DEF,DF,0,3,0.7661210240408605
965,Achref Abada,38,DEF,DF,0,3,0.7661210240408605
966,Mohamed Amine Tougai,38,DEF,DF,0,3,0.7661210240408605
967,Zineddine Belaid,38,DEF,DF,0,3,0.7661210240408605
975,Jaouen Djimmy Hadjam,38,DEF,DF,0,3,0.7661210240408605
977,Rayan Ait-Nouri,38,DEF,DF,0,3,0.7661210240408605
979,Rafik Belghali,38,DEF,DF,0,3,0.7661210240408605
983,Selmane Rami Bensebaini,38,DEF,DF,0,3,0.7661210240408605
988,Samir Sophian Chergui,38,DEF,DF,0,3,0.7661210240408605
990,David Leopold Affengruber,39,DEF,DF,0,3,0.7661210240408605
991,Kevin Danso,39,DEF,DF,0,3,0.7661210240408605
993,Stefan Posch,39,DEF,DF,0,3,0.7661210240408605
996,David Alaba,39,DEF,DF,0,3,0.7661210240408605
1003,Philipp Lienhart,39,DEF,DF,0,3,0.7661210240408605
1004,Phillip Mwene,39,DEF,DF,0,3,0.7661210240408605
1011,Marco Friedl,39,DEF,DF,0,3,0.7661210240408605
1013,Michael Svoboda,39,DEF,DF,0,3,0.7661210240408605
1016,Ali Hasan Mohammad,40,DEF,DF,0,3,0.7661210240408605
1017,Mousa Musallam Abdallah Nasib,40,DEF,DF,0,3,0.7661210240408605
1018,Ali Mohammad Husam Abudahab,40,DEF,DF,0,3,0.7661210240408605
1019,Mousa Mahmoud Yazan Alarab,40,DEF,DF,0,3,0.7661210240408605
1030,Majed Jamil Mohammad Abualnadi,40,DEF,DF,0,3,0.7661210240408605
1031,Amer Saleem Saleem,40,DEF,DF,0,3,0.7661210240408605
1033,Ahmad Salameh Saed,40,DEF,DF,0,3,0.7661210240408605
1037,Manel Farhan Ehsan Haddad,40,DEF,DF,0,3,0.7661210240408605
1040,Said Ghazi Anas Badawi,40,DEF,DF,0,3,0.7661210240408605
1042,SEMEDONélson Nelson,41,DEF,DF,0,3,0.7661210240408605
1043,Rúben Ruben Dias,41,DEF,DF,0,3,0.7661210240408605
1044,Tomás Tomas Araujo,41,DEF,DF,0,3,0.7661210240408605
1045,Diogo Diogo Dalot,41,DEF,DF,0,3,0.7661210240408605
1053,Renato Renato Veiga,41,DEF,DF,0,3,0.7661210240408605
1054,Gonçalo Goncalo Inacio,41,DEF,DF,0,3,0.7661210240408605
1060,Pedro Joao Cancelo,41,DEF,DF,0,3,0.7661210240408605
1064,Samuel Samu Costa,41,DEF,DF,0,3,0.7661210240408605
1065,Alexandre Nuno,41,DEF,DF,0,3,0.7661210240408605
1068,Wan Wan-Bissaka,42,DEF,DF,0,3,0.7661210240408605
1069,Steve Nkanu Kapuadi,42,DEF,DF,0,3,0.7661210240408605
1070,Axel Tuanzebe,42,DEF,DF,0,3,0.7661210240408605
1071,Dylan Buduka Batubinsika,42,DEF,DF,0,3,0.7661210240408605
1078,Joris Kayembe,42,DEF,DF,0,3,0.7661210240408605
1088,Mangulu Chancel Mbemba,42,DEF,DF,0,3,0.7661210240408605
1090,Gédéon Tchingoma Kyatengwa Kalulu,42,DEF,DF,0,3,0.7661210240408605
1092,Arthur Fuka Masuaku,42,DEF,DF,0,3,0.7661210240408605
1094,Abdukodir Khusanov,43,DEF,DF,0,3,0.7661210240408605
1095,Khojiakbar Alijonov,43,DEF,DF,0,3,0.7661210240408605
1096,Farrukh Sayfiev,43,DEF,DF,0,3,0.7661210240408605
1097,Rustamjon Ashurmatov,43,DEF,DF,0,3,0.7661210240408605
1105,Sherzod Nasrullaev,43,DEF,DF,0,3,0.7661210240408605
1107,Umarbek Eshmurodov,43,DEF,DF,0,3,0.7661210240408605
1110,Abdulla Abdullaev,43,DEF,DF,0,3,0.7661210240408605
1116,Behruzjon Karimov,43,DEF,DF,0,3,0.7661210240408605
1117,Avazbek Ulmasaliyev,43,DEF,DF,0,3,0.7661210240408605
1118,Jakhongir Urozov,43,DEF,DF,0,3,0.7661210240408605
1120,Daniel Munoz,44,DEF,DF,0,3,0.7661210240408605
1121,Jhon Janer Lucumi,44,DEF,DF,0,3,0.7661210240408605
1122,Santiago Arias,44,DEF,DF,0,3,0.7661210240408605
1131,Yerry Fernando Mina,44,DEF,DF,0,3,0.7661210240408605
1132,Gustavo Adolfo Puerta,44,DEF,DF,0,3,0.7661210240408605
1135,Johan Andrés Mojica,44,DEF,DF,0,3,0.7661210240408605
1136,Willer Emilio Ditta,44,DEF,DF,0,3,0.7661210240408605
1140,Deiver Machado,44,DEF,DF,0,3,0.7661210240408605
1141,Davinson Sanchez,44,DEF,DF,0,3,0.7661210240408605
1146,Ezri Ngoyo Konsa,45,DEF,DF,0,3,0.7661210240408605
1147,Nico Oreilly,45,DEF,DF,0,3,0.7661210240408605
1149,John Stones,45,DEF,DF,0,3,0.7661210240408605
1150,Keaninkin Marc-Isreal Guehi,45,DEF,DF,0,3,0.7661210240408605
1156,Trevoh Tom Chalobah,45,DEF,DF,0,3,0.7661210240408605
1159,Daniel Johnson Burn,45,DEF,DF,0,3,0.7661210240408605
1168,Reece Lewis James,45,DEF,DF,0,3,0.7661210240408605
1169,Tehuti Djed-Hotep Spence,45,DEF,DF,0,3,0.7661210240408605
1170,Jarell Amorin Quansah,45,DEF,DF,1,3,0.7661210240408605
1172,Josip Stanisic,46,DEF,DF,0,3,0.7661210240408605
1173,Marin Pongracic,46,DEF,DF,0,3,0.7661210240408605
1174,Joško Gvardiol,46,DEF,DF,0,3,0.7661210240408605
1175,Duje Caleta-Car,46,DEF,DF,0,3,0.7661210240408605
1176,Josip Sutalo,46,DEF,DF,0,3,0.7661210240408605
1188,Kristijan Jakic,46,DEF,DF,0,3,0.7661210240408605
1192,Luka Vuskovic,46,DEF,DF,0,3,0.7661210240408605
1195,Martin Erlic,46,DEF,DF,0,3,0.7661210240408605
1198,Alidu Seidu,47,DEF,DF,0,3,0.7661210240408605
1200,Jonas Adjei Adjetey,47,DEF,DF,0,3,0.7661210240408605
1202,Abdul Mumin Mumin,47,DEF,DF,0,3,0.7661210240408605
1210,Gideon Mensah,47,DEF,DF,0,3,0.7661210240408605
1213,Abdul Rahman Rahman,47,DEF,DF,0,3,0.7661210240408605
1214,Jerome Opoku,47,DEF,DF,0,3,0.7661210240408605
1217,Kojo Peprah Oppong,47,DEF,DF,0,3,0.7661210240408605
1219,Derrick Luckassen,47,DEF,DF,0,3,0.7661210240408605
1222,Marvin Elom Senaya,47,DEF,DF,0,3,0.7661210240408605
1224,Cesar Rodolfo Blackman,48,DEF,DF,0,3,0.7661210240408605
1225,Jose Angel Cordoba,48,DEF,DF,0,3,0.7661210240408605
1226,Fidel Escobar,48,DEF,DF,0,3,0.7661210240408605
1227,Edgardo Issac Farina,48,DEF,DF,0,3,0.7661210240408605
1235,Jiovany Javier Ramos,48,DEF,DF,0,3,0.7661210240408605
1236,Carlos Miguel Harvey,48,DEF,DF,0,3,0.7661210240408605
1237,Eric Javier Davis,48,DEF,DF,0,3,0.7661210240408605
1238,Andres Alberto Andrade,48,DEF,DF,0,3,0.7661210240408605
1245,Michael Amir Murillo,48,DEF,DF,0,3,0.7661210240408605
1247,Roderick Alonso Miller,48,DEF,DF,0,3,0.7661210240408605
1248,Jorge Abdiel Gutierrez,48,DEF,DF,0,3,0.7661210240408605
9,Raúl Alonso Jimenez,1,FWD,FW,0,2,0.890935092514377
10,Ernesto Alexis Vega,1,FWD,FW,0,2,0.890935092514377
11,Santiago Tomás Gimenez,1,FWD,FW,0,2,0.890935092514377
14,Armando Gonzalez,1,FWD,FW,0,2,0.890935092514377
16,Julián Andrés Quinones,1,FWD,FW,0,2,0.890935092514377
21,César Saúl Huerta,1,FWD,FW,0,2,0.890935092514377
22,Guillermo Martinez,1,FWD,FW,0,2,0.890935092514377
25,Roberto Carlos Alvarado,1,FWD,FW,0,2,0.890935092514377
33,Oswin Reagan Appollis,2,FWD,FW,0,2,0.890935092514377
34,Tshepang Moremi,2,FWD,FW,0,2,0.890935092514377
35,Lyle Brent Foster,2,FWD,FW,0,2,0.890935092514377
36,Relebohile Mofokeng,2,FWD,FW,0,2,0.890935092514377
38,Thapelo Maseko,2,FWD,FW,0,2,0.890935092514377
41,Iqraam Rayners,2,FWD,FW,0,2,0.890935092514377
43,Sekotori Evidence Makgopa,2,FWD,FW,0,2,0.890935092514377
51,Kamogelo Michael Sebelebele,2,FWD,FW,0,2,0.890935092514377
59,Heung Min Son,3,FWD,FW,0,2,0.890935092514377
61,Guesung Cho,3,FWD,FW,0,2,0.890935092514377
70,Hyeongyu Oh,3,FWD,FW,0,2,0.890935092514377
87,Adam Hlozek,4,FWD,FW,0,2,0.890935092514377
88,Patrik Schick,4,FWD,FW,0,2,0.890935092514377
89,Jan Kuchta,4,FWD,FW,0,2,0.890935092514377
91,Mojmír Chytil,4,FWD,FW,0,2,0.890935092514377
93,Pavel Sulc,4,FWD,FW,0,2,0.890935092514377
97,Tomáš Chory,4,FWD,FW,0,2,0.890935092514377
104,Denis Visinsky,4,FWD,FW,0,2,0.890935092514377
113,Cyle Christopher Larin,5,FWD,FW,0,2,0.890935092514377
114,Jonathan Christian David,5,FWD,FW,0,2,0.890935092514377
116,Tanitoluwa Oluwatimilehin Oluwaseyi,5,FWD,FW,0,2,0.890935092514377
121,Tajon Trevor Buchanan,5,FWD,FW,0,2,0.890935092514377
124,Ali Ahmed,5,FWD,FW,0,2,0.890935092514377
128,Promise Oluwatobi Emmanuel David,5,FWD,FW,0,2,0.890935092514377
130,Jayden Nelson,5,FWD,FW,0,2,0.890935092514377
139,Samed Bazdar,6,FWD,FW,0,2,0.890935092514377
140,Ermedin Demirovic,6,FWD,FW,0,2,0.890935092514377
141,Edin Dzeko,6,FWD,FW,0,2,0.890935092514377
149,Kerim Alajbegovic,6,FWD,FW,0,2,0.890935092514377
150,Esmir Bajraktarevic,6,FWD,FW,0,2,0.890935092514377
153,Haris Tabakovic,6,FWD,FW,0,2,0.890935092514377
155,Jovo Lukic,6,FWD,FW,0,2,0.890935092514377
163,Alaaeldin Ahmed,7,FWD,FW,0,2,0.890935092514377
164,Junior Edmilson,7,FWD,FW,0,2,0.890935092514377
165,Mohammed Mohammed Muntari,7,FWD,FW,0,2,0.890935092514377
166,Khalid Hassan Alhaydos,7,FWD,FW,0,2,0.890935092514377
167,Hassan Akram,7,FWD,FW,0,2,0.890935092514377
171,Abdurisag Yusuf Abdurisag,7,FWD,FW,0,2,0.890935092514377
175,Ali Zainelabdeen Almoez,7,FWD,FW,0,2,0.890935092514377
180,Mohammad Tahsin,7,FWD,FW,0,2,0.890935092514377
182,Naceur Mohamed Manai,7,FWD,FW,1,2,0.890935092514377
189,Breel Donald Embolo,8,FWD,FW,0,2,0.890935092514377
193,Dan Ndoye,8,FWD,FW,0,2,0.890935092514377
198,Christian Andreas Fassnacht,8,FWD,FW,0,2,0.890935092514377
199,Ruben Estephan Vargas,8,FWD,FW,0,2,0.890935092514377
201,Noah Arinzechukwu Okafor,8,FWD,FW,0,2,0.890935092514377
205,Mohamed Zeki Amdouni,8,FWD,FW,0,2,0.890935092514377
208,Cedric Jan Itten,8,FWD,FW,0,2,0.890935092514377
215,José Vinicius,9,FWD,FW,0,2,0.890935092514377
217,Matheus Matheus Cunha,9,FWD,FW,0,2,0.890935092514377
218,Neymar Neymar Jr,9,FWD,FW,0,2,0.890935092514377
219,Raphael Raphinha,9,FWD,FW,0,2,0.890935092514377
227,Felipe Endrick,9,FWD,FW,0,2,0.890935092514377
229,Henrique André Luiz,9,FWD,FW,0,2,0.890935092514377
230,MARTINELLIGabriel Gabriel,9,FWD,FW,0,2,0.890935092514377
233,Thiago Igor Thiago,9,FWD,FW,0,2,0.890935092514377
234,Vitor Rayan,9,FWD,FW,0,2,0.890935092514377
243,Soufiane Rahimi,10,FWD,FW,0,2,0.890935092514377
244,Brahim Diaz,10,FWD,FW,0,2,0.890935092514377
251,Mohamed Amine Sbai,10,FWD,FW,0,2,0.890935092514377
254,Ayoub El Kaabi,10,FWD,FW,0,2,0.890935092514377
255,Ayoube Amaimouni,10,FWD,FW,0,2,0.890935092514377
267,Derrick Burckley Etienne,11,FWD,FW,0,2,0.890935092514377
269,Duckens Nazon,11,FWD,FW,0,2,0.890935092514377
271,Don Deedson Deedson,11,FWD,FW,0,2,0.890935092514377
275,Ruben Fritzner Providence,11,FWD,FW,0,2,0.890935092514377
276,Lenny Alvin Pico Joseph,11,FWD,FW,0,2,0.890935092514377
278,Wilson Isidor,11,FWD,FW,0,2,0.890935092514377
279,Yassin Enzo Fortune,11,FWD,FW,0,2,0.890935092514377
280,Frantzdy Pierrot,11,FWD,FW,0,2,0.890935092514377
281,Josue Jeremie Casimir,11,FWD,FW,0,2,0.890935092514377
295,Lyndon John Dykes,12,FWD,FW,0,2,0.890935092514377
296,Che Sac Everton Fred Adams,12,FWD,FW,0,2,0.890935092514377
300,Ross Cameron Stewart,12,FWD,FW,0,2,0.890935092514377
303,Ben Gannon Gannon-Doak,12,FWD,FW,0,2,0.890935092514377
304,George David Eric Hirst,12,FWD,FW,0,2,0.890935092514377
306,Lawrence Shankland,12,FWD,FW,0,2,0.890935092514377
311,Findlay Kenneth Curtis,12,FWD,FW,0,2,0.890935092514377
321,Ricardo Daniel Pepi,13,FWD,FW,0,2,0.890935092514377
322,Christian Mate Pulisic,13,FWD,FW,0,2,0.890935092514377
323,Brenden Russell Aaronson,13,FWD,FW,0,2,0.890935092514377
331,Haji Amir Wright,13,FWD,FW,0,2,0.890935092514377
332,Folarin Jolaoluwa Balogun,13,FWD,FW,0,2,0.890935092514377
333,Timothy Tarpeh Weah,13,FWD,FW,0,2,0.890935092514377
338,Alejandro Zendejas,13,FWD,FW,0,2,0.890935092514377
347,Arnaldo Antonio Sanabria,14,FWD,FW,0,2,0.890935092514377
355,Alejandro Sebastian Romero Gamarra,14,FWD,FW,0,2,0.890935092514377
356,Alex Adrian Arce,14,FWD,FW,0,2,0.890935092514377
357,Julio Cesar Enciso,14,FWD,FW,0,2,0.890935092514377
359,Gabriel Avalos,14,FWD,FW,0,2,0.890935092514377
363,Isidro Miguel Pitta,14,FWD,FW,0,2,0.890935092514377
371,Mathew Allan Leckie,15,FWD,FW,0,2,0.890935092514377
373,Mohamed Toure,15,FWD,FW,0,2,0.890935092514377
374,Ajdin Hrustic,15,FWD,FW,0,2,0.890935092514377
375,Awer Bul Mabil,15,FWD,FW,0,2,0.890935092514377
381,Nestory Irankunda,15,FWD,FW,0,2,0.890935092514377
384,Cristian Volpato,15,FWD,FW,0,2,0.890935092514377
387,Nishan Matthew Velupillay,15,FWD,FW,0,2,0.890935092514377
390,Tete Owen Yengi,15,FWD,FW,0,2,0.890935092514377
397,Muhammed Kerem Akturkoglu,16,FWD,FW,0,2,0.890935092514377
398,Arda Guler,16,FWD,FW,0,2,0.890935092514377
399,Deniz Daniel Gul,16,FWD,FW,0,2,0.890935092514377
401,Kenan Yildiz,16,FWD,FW,0,2,0.890935092514377
407,Can İrfan Kahveci,16,FWD,FW,0,2,0.890935092514377
409,Yunus Akgun,16,FWD,FW,0,2,0.890935092514377
411,Barı ş Alper Yilmaz,16,FWD,FW,0,2,0.890935092514377
414,Oguz Aydin,16,FWD,FW,0,2,0.890935092514377
416,Can Yılmaz Uzun,16,FWD,FW,0,2,0.890935092514377
423,Kai Lukas Havertz,17,FWD,FW,0,2,0.890935092514377
427,Nick Woltemade,17,FWD,FW,0,2,0.890935092514377
430,Maximilian Beier,17,FWD,FW,0,2,0.890935092514377
442,Deniz Undav,17,FWD,FW,0,2,0.890935092514377
451,Jürgen Leonardo Locadia,18,FWD,FW,0,2,0.890935092514377
453,Jeremy Cornelis Jacobus Antonisse,18,FWD,FW,0,2,0.890935092514377
454,Juniffer Naigelino Hansen,18,FWD,FW,0,2,0.890935092514377
455,Tyrese Yurvencey Noslin,18,FWD,FW,0,2,0.890935092514377
456,Kenji Joël Gorre,18,FWD,FW,0,2,0.890935092514377
458,Jearl Erwin Margaritha,18,FWD,FW,0,2,0.890935092514377
459,Brandley Mack-Olien Kuwas,18,FWD,FW,0,2,0.890935092514377
461,Gervane Zjandric Adonnis Kastaneer,18,FWD,FW,0,2,0.890935092514377
477,Ange-Yoan Laurent Bonny,19,FWD,FW,0,2,0.890935092514377
478,Simon Adingra,19,FWD,FW,0,2,0.890935092514377
479,Yan Diomande,19,FWD,FW,0,2,0.890935092514377
480,Elye Delmas Wahi,19,FWD,FW,0,2,0.890935092514377
482,Oumar Diakite,19,FWD,FW,0,2,0.890935092514377
483,Amad Diallo,19,FWD,FW,0,2,0.890935092514377
487,Nicolas Pepe,19,FWD,FW,0,2,0.890935092514377
490,Evann Ludovic Vidjannagni Guessand,19,FWD,FW,0,2,0.890935092514377
492,Bazoumana Toure,19,FWD,FW,0,2,0.890935092514377
503,John Yeboah,20,FWD,FW,0,2,0.890935092514377
505,Kevin Jose Rodriguez,20,FWD,FW,0,2,0.890935092514377
507,Enner Remberto Valencia,20,FWD,FW,0,2,0.890935092514377
510,Jordy Josue Caicedo,20,FWD,FW,0,2,0.890935092514377
513,Gonzalo Jordy Plata,20,FWD,FW,0,2,0.890935092514377
514,Nilson David Angulo,20,FWD,FW,0,2,0.890935092514377
518,Jeremy Alberto Arevalo,20,FWD,FW,0,2,0.890935092514377
529,Wout François Maria Weghorst,21,FWD,FW,0,2,0.890935092514377
530,Memphis Depay,21,FWD,FW,0,2,0.890935092514377
531,Cody Mathès Gakpo,21,FWD,FW,0,2,0.890935092514377
537,Noa Noëll Lang,21,FWD,FW,0,2,0.890935092514377
538,Donyell Malen,21,FWD,FW,0,2,0.890935092514377
539,Brian Ebenezer Adjei Brobbey,21,FWD,FW,0,2,0.890935092514377
544,Crysencio Jilbert Sylverio Cir Summerville,21,FWD,FW,0,2,0.890935092514377
552,Shuto Machino,22,FWD,FW,0,2,0.890935092514377
555,Keisuke Goto,22,FWD,FW,0,2,0.890935092514377
564,Ayase Ueda,22,FWD,FW,0,2,0.890935092514377
565,Koki Ogawa,22,FWD,FW,0,2,0.890935092514377
572,Kento Shiogai,22,FWD,FW,0,2,0.890935092514377
581,Alexander Isak,23,FWD,FW,0,2,0.890935092514377
583,Anthony David Junior Elanga,23,FWD,FW,0,2,0.890935092514377
589,Viktor Einar Gyokeres,23,FWD,FW,0,2,0.890935092514377
597,Håkan Gustaf Nilsson,23,FWD,FW,0,2,0.890935092514377
598,Taha Abdi Ali,23,FWD,FW,0,2,0.890935092514377
605,Mohamed Elyes Achouri,24,FWD,FW,0,2,0.890935092514377
606,Elias Saad,24,FWD,FW,0,2,0.890935092514377
607,Hazem Mastouri,24,FWD,FW,0,2,0.890935092514377
616,Rayan Elloumi,24,FWD,FW,0,2,0.890935092514377
617,Firas Chaouat,24,FWD,FW,0,2,0.890935092514377
633,Romelu Lukaku,25,FWD,FW,0,2,0.890935092514377
634,Leandro Trossard,25,FWD,FW,0,2,0.890935092514377
635,Jeremy Baffour Doku,25,FWD,FW,0,2,0.890935092514377
638,Dodi Lukebakio,25,FWD,FW,0,2,0.890935092514377
641,Charles Marc De Ketelaere,25,FWD,FW,0,2,0.890935092514377
650,Matias Fernandez-Pardo,25,FWD,FW,0,2,0.890935092514377
657,Ahmed Ibrahim Trezeguet,26,FWD,FW,0,2,0.890935092514377
659,Mohamed Abdelkarim Hamza,26,FWD,FW,0,2,0.890935092514377
660,Hamed Mahrous Mohamed Salah,26,FWD,FW,0,2,0.890935092514377
662,Yousry Fouad Haissem Hassan,26,FWD,FW,0,2,0.890935092514377
670,Adel Aly Mohamed Ibrahim,26,FWD,FW,0,2,0.890935092514377
672,Mohamed Abdelsalam Omar,26,FWD,FW,0,2,0.890935092514377
675,Mostafa Mohamed Zizo,26,FWD,FW,0,2,0.890935092514377
685,Mehdi Taremi,27,FWD,FW,0,2,0.890935092514377
686,Mehdi Ghayedi,27,FWD,FW,0,2,0.890935092514377
687,Ali Alipour,27,FWD,FW,0,2,0.890935092514377
694,Amirhossein Hosseinzadeh,27,FWD,FW,0,2,0.890935092514377
696,Shahriyar Moghanloo,27,FWD,FW,0,2,0.890935092514377
700,Dennis Dargahi,27,FWD,FW,0,2,0.890935092514377
709,Logan Tipene Rogerson,28,FWD,FW,0,2,0.890935092514377
711,Christopher Grant Wood,28,FWD,FW,0,2,0.890935092514377
719,Kosta Barbarouses,28,FWD,FW,0,2,0.890935092514377
720,Benjamin Peter Waine,28,FWD,FW,0,2,0.890935092514377
723,Jesse Carmichael Randall,28,FWD,FW,0,2,0.890935092514377
735,Ferran Torres,29,FWD,FW,0,2,0.890935092514377
738,Daniel Olmo,29,FWD,FW,0,2,0.890935092514377
739,Yeremy Jesús Pino,29,FWD,FW,0,2,0.890935092514377
745,Nicholas Williams,29,FWD,FW,0,2,0.890935092514377
747,Lamine Yamal Yamal,29,FWD,FW,0,2,0.890935092514377
749,Mikel Oyarzabal,29,FWD,FW,0,2,0.890935092514377
753,Victor Munoz,29,FWD,FW,0,2,0.890935092514377
754,Borja Iglesias,29,FWD,FW,0,2,0.890935092514377
763,BENCHIMOLGilson Gilson,30,FWD,FW,0,2,0.890935092514377
773,Dailon Dailon Livramento,30,FWD,FW,0,2,0.890935092514377
774,Isaac Ryan,30,FWD,FW,0,2,0.890935092514377
788,Yahya Aiman Yahya,31,FWD,FW,0,2,0.890935092514377
789,Tariq Feras,31,FWD,FW,0,2,0.890935092514377
790,Mohammed Salem Aldawsari,31,FWD,FW,0,2,0.890935092514377
791,Khalid Saleh,31,FWD,FW,0,2,0.890935092514377
797,Essa Khalid Alghannam,31,FWD,FW,0,2,0.890935092514377
799,Abdulrahman Abdullah Alhamddan,31,FWD,FW,0,2,0.890935092514377
800,Ahmed Sultan Mandash,31,FWD,FW,0,2,0.890935092514377
815,Darwin Gabriel Nunez,32,FWD,FW,0,2,0.890935092514377
817,Facundo Pellistri,32,FWD,FW,0,2,0.890935092514377
824,Paul Brian Rodriguez,32,FWD,FW,0,2,0.890935092514377
825,Rodrigo Sebastian Aguirre,32,FWD,FW,0,2,0.890935092514377
827,Federico Sebastian Vinas,32,FWD,FW,0,2,0.890935092514377
839,Masour Ousmane Dembele,33,FWD,FW,0,2,0.890935092514377
841,Marcus Lilian Thuram,33,FWD,FW,0,2,0.890935092514377
842,Kylian Mbappe,33,FWD,FW,0,2,0.890935092514377
843,Michael Akpovie Olise,33,FWD,FW,0,2,0.890935092514377
844,Bradley Jean-Manuel Essolisa Barcola,33,FWD,FW,0,2,0.890935092514377
852,Désiré Nonka-Maho Doue,33,FWD,FW,0,2,0.890935092514377
854,Jean-Philippe Mateta,33,FWD,FW,0,2,0.890935092514377
865,Assane Diao,34,FWD,FW,0,2,0.890935092514377
867,Ahmadou Bamba Mbacke Dieng,34,FWD,FW,0,2,0.890935092514377
868,Sadio Mane,34,FWD,FW,0,2,0.890935092514377
869,Nicolas Jackson,34,FWD,FW,0,2,0.890935092514377
870,Pape Cherif Ndiaye,34,FWD,FW,0,2,0.890935092514377
871,Iliman Cheikh Baroy Ndiaye,34,FWD,FW,0,2,0.890935092514377
876,Ismaila Sarr,34,FWD,FW,0,2,0.890935092514377
878,Ibrahim Mbaye,34,FWD,FW,0,2,0.890935092514377
893,Ibrahim Karim Ali Alhamadi,35,FWD,FW,0,2,0.890935092514377
894,Ali Kadhim Mohanad Ali,35,FWD,FW,0,2,0.890935092514377
895,Ihab Ahmed Ahmed,35,FWD,FW,0,2,0.890935092514377
897,Yousif Hashim Ali Yousif,35,FWD,FW,0,2,0.890935092514377
901,Jasim Elaibi Ali Jasim,35,FWD,FW,0,2,0.890935092514377
902,Hussein Ghadhban Aymen,35,FWD,FW,0,2,0.890935092514377
905,Jabbar Hussein Marko Farji,35,FWD,FW,0,2,0.890935092514377
917,Alexander Sorloth,36,FWD,FW,0,2,0.890935092514377
919,Erling Braut Haaland,36,FWD,FW,0,2,0.890935092514377
921,Jørgen Strand Strand Larsen,36,FWD,FW,0,2,0.890935092514377
930,Antonio Eromonsele Nordby Nusa,36,FWD,FW,0,2,0.890935092514377
936,Julian Ryerson,36,FWD,FW,0,2,0.890935092514377
945,Julián Alvarez,37,FWD,FW,0,2,0.890935092514377
946,Lionel Andrés Messi,37,FWD,FW,0,2,0.890935092514377
952,Thiago Ezequiel Almada,37,FWD,FW,0,2,0.890935092514377
953,Giuliano Simeone,37,FWD,FW,0,2,0.890935092514377
954,Nicolas Paz,37,FWD,FW,0,2,0.890935092514377
957,Jose Manuel Alberto Lopez,37,FWD,FW,0,2,0.890935092514377
958,Lautaro Javier Martinez,37,FWD,FW,0,2,0.890935092514377
969,Riyad Karim Mahrez,38,FWD,FW,0,2,0.890935092514377
971,Amine Ferid Gouiri,38,FWD,FW,0,2,0.890935092514377
973,Anis Hadj Moussa,38,FWD,FW,0,2,0.890935092514377
974,Ahmed Nadhir Benbouali,38,FWD,FW,0,2,0.890935092514377
980,Mohammed Elamine Amoura,38,FWD,FW,0,2,0.890935092514377
982,Adil Boulbina,38,FWD,FW,0,2,0.890935092514377
987,Fares Ghedjemis,38,FWD,FW,0,2,0.890935092514377
995,Marko Arnautovic,39,FWD,FW,0,2,0.890935092514377
999,Michael Gregoritsch,39,FWD,FW,0,2,0.890935092514377
1002,Saša Kalajdzic,39,FWD,FW,0,2,0.890935092514377
1009,Patrick Wimmer,39,FWD,FW,0,2,0.890935092514377
1021,Faisal Yousef Mohammad,40,FWD,FW,0,2,0.890935092514377
1023,Iyad Ali Ali Olwan,40,FWD,FW,0,2,0.890935092514377
1024,Mohammad Mousa Mousa Altamari,40,FWD,FW,0,2,0.890935092514377
1025,Burhan Shehadeh Odeh Fakhoury,40,FWD,FW,0,2,0.890935092514377
1027,Nayef Ahmad Mahmoud Almardi,40,FWD,FW,0,2,0.890935092514377
1038,Ahmad Ali Ali Azaizeh,40,FWD,FW,0,2,0.890935092514377
1047,Ronaldo Cristiano Ronaldo,41,FWD,FW,0,2,0.890935092514377
1049,RAMOSGonçalo Goncalo,41,FWD,FW,0,2,0.890935092514377
1051,João Joao Felix,41,FWD,FW,0,2,0.890935092514377
1056,António Francisco Trincao,41,FWD,FW,0,2,0.890935092514377
1057,Alexandre Rafael Leao,41,FWD,FW,0,2,0.890935092514377
1058,Pedro Pedro Neto,41,FWD,FW,0,2,0.890935092514377
1059,Manuel Goncalo,41,FWD,FW,0,2,0.890935092514377
1066,Francisco Francisco Conceicao,41,FWD,FW,0,2,0.890935092514377
1075,Kibambe Brian Cipenga,42,FWD,FW,0,2,0.890935092514377
1077,Gaël Roméo Kakuta,42,FWD,FW,0,2,0.890935092514377
1079,Meschack Lina Elia,42,FWD,FW,0,2,0.890935092514377
1083,Cedric Bakambu,42,FWD,FW,0,2,0.890935092514377
1085,Mayele Fiston Mayele,42,FWD,FW,0,2,0.890935092514377
1086,Yoane Wissa,42,FWD,FW,0,2,0.890935092514377
1089,Simon Bokote Banza,42,FWD,FW,0,2,0.890935092514377
1106,Eldor Shomurodov,43,FWD,FW,0,2,0.890935092514377
1112,Azizbek Amonov,43,FWD,FW,0,2,0.890935092514377
1113,Igor Sergeev,43,FWD,FW,0,2,0.890935092514377
1125,Luis Fernando Diaz,44,FWD,FW,0,2,0.890935092514377
1127,Jhon Andrés Cordoba,44,FWD,FW,0,2,0.890935092514377
1137,Juan Camilo Hernandez,44,FWD,FW,0,2,0.890935092514377
1139,Jaminton Leandro Campaz,44,FWD,FW,0,2,0.890935092514377
1143,Luis Javier Suarez,44,FWD,FW,0,2,0.890935092514377
1144,Carlos Andrés Gomez,44,FWD,FW,0,2,0.890935092514377
1151,Bukayo Ayoyinka Saka,45,FWD,FW,0,2,0.890935092514377
1153,Harry Edward Kane,45,FWD,FW,0,2,0.890935092514377
1155,Marcus Rashford,45,FWD,FW,0,2,0.890935092514377
1162,Anthony Michael Gordon,45,FWD,FW,0,2,0.890935092514377
1163,George Arthur Watkins,45,FWD,FW,0,2,0.890935092514377
1164,Azuka Tristan Madueke,45,FWD,FW,0,2,0.890935092514377
1166,Ivan Benjamin Elijah Toney,45,FWD,FW,0,2,0.890935092514377
1179,Andrej Kramaric,46,FWD,FW,0,2,0.890935092514377
1181,Ante Budimir,46,FWD,FW,0,2,0.890935092514377
1184,Ivan Perisic,46,FWD,FW,0,2,0.890935092514377
1190,Igor Matanovic,46,FWD,FW,0,2,0.890935092514377
1194,Marco Pasalic,46,FWD,FW,0,2,0.890935092514377
1196,Petar Musa,46,FWD,FW,0,2,0.890935092514377
1203,Abdul Fatawu Fatawu,47,FWD,FW,0,2,0.890935092514377
1205,Jordan Pierre Ayew,47,FWD,FW,0,2,0.890935092514377
1206,Brandon Michael Clarke Thomas-Asante,47,FWD,FW,0,2,0.890935092514377
1209,Christopher Bonsu Bonsu Baah,47,FWD,FW,0,2,0.890935092514377
1215,Inaki Williams,47,FWD,FW,0,2,0.890935092514377
1218,Kamal Deen Sulemana,47,FWD,FW,0,2,0.890935092514377
1220,Ernest Nuamah Nuamah,47,FWD,FW,0,2,0.890935092514377
1221,Prince Kwabena Adu,47,FWD,FW,0,2,0.890935092514377
1231,Tomas Abdiel Rodriguez,48,FWD,FW,0,2,0.890935092514377
1239,Jose Fajardo,48,FWD,FW,0,2,0.890935092514377
1240,Cecilio Alfonso Waterman,48,FWD,FW,0,2,0.890935092514377
1246,Azarías Emmanuel Londono,48,FWD,FW,0,2,0.890935092514377
1,José Raúl Rangel,1,GK,GK,0,6,0.6975031052992402
12,Carlos Acevedo,1,GK,GK,1,6,0.6975031052992402
13,Francisco Guillermo Ochoa,1,GK,GK,5,6,0.6975031052992402
27,Ronwen Hayden Williams,2,GK,GK,3,6,0.6975031052992402
42,Sipho Justin Chaine,2,GK,GK,1,6,0.6975031052992402
48,Stuart Ricardo Goss,2,GK,GK,1,6,0.6975031052992402
53,Seunggyu Kim,3,GK,GK,2,6,0.6975031052992402
64,Bumkeun Song,3,GK,GK,1,6,0.6975031052992402
73,Hyeonwoo Jo,3,GK,GK,1,6,0.6975031052992402
79,Mat ě j Kovar,4,GK,GK,2,6,0.6975031052992402
94,Jind ř ich Stanek,4,GK,GK,1,6,0.6975031052992402
101,Lukáš Hornicek,4,GK,GK,1,6,0.6975031052992402
105,Dayne Tristan St. Clair,5,GK,GK,5,6,0.6975031052992402
120,Maxime Crepeau,5,GK,GK,0,6,0.6975031052992402
122,Owen Olamidayo Goodman,5,GK,GK,1,6,0.6975031052992402
131,Nikola Vasilj,6,GK,GK,2,6,0.6975031052992402
142,Mladen Jurkas,6,GK,GK,1,6,0.6975031052992402
152,Martin Zlomislic,6,GK,GK,1,6,0.6975031052992402
157,Ibrahim Mahmoud Abunada,7,GK,GK,4,6,0.6975031052992402
177,Zakaria Salah Zakaria,7,GK,GK,1,6,0.6975031052992402
178,Aissa Meshaal Barsham,7,GK,GK,1,6,0.6975031052992402
183,Gregor Kobel,8,GK,GK,0,6,0.6975031052992402
194,Yvon Landry Mvogo,8,GK,GK,1,6,0.6975031052992402
203,Marvin Keller,8,GK,GK,1,6,0.6975031052992402
209,Ramsés Alisson,9,GK,GK,0,6,0.6975031052992402
220,Weverton Weverton,9,GK,GK,1,6,0.6975031052992402
231,Ederson Ederson,9,GK,GK,1,6,0.6975031052992402
235,Yassine Bounou,10,GK,GK,0,6,0.6975031052992402
246,Monir El Kajoui,10,GK,GK,1,6,0.6975031052992402
256,Ahmed Reda Tagnaouti,10,GK,GK,1,6,0.6975031052992402
261,Johny Placide,11,GK,GK,4,6,0.6975031052992402
272,Alexandre Jr Pierre,11,GK,GK,1,6,0.6975031052992402
283,Josue Duverger,11,GK,GK,1,6,0.6975031052992402
287,Angus Fraser James Gunn,12,GK,GK,0,6,0.6975031052992402
298,Liam Patrick Kelly,12,GK,GK,1,6,0.6975031052992402
307,Craig Sinclair Gordon,12,GK,GK,1,6,0.6975031052992402
313,Matthew Charles Turner,13,GK,GK,2,6,0.6975031052992402
336,Matthew Andrew Geary Freese,13,GK,GK,0,6,0.6975031052992402
337,Christopher Keith Brady,13,GK,GK,1,6,0.6975031052992402
339,Roberto Junior Fernandez,14,GK,GK,1,6,0.6975031052992402
350,Orlando Daniel Gill,14,GK,GK,3,6,0.6975031052992402
360,Gastón Hernán Olveira,14,GK,GK,1,6,0.6975031052992402
365,Mathew David Ryan,15,GK,GK,5,6,0.6975031052992402
376,Paul David Izzo,15,GK,GK,1,6,0.6975031052992402
382,Patrick Thomas Beach,15,GK,GK,0,6,0.6975031052992402
391,Fehmi Mert Gunok,16,GK,GK,1,6,0.6975031052992402
402,Altay Bayindir,16,GK,GK,1,6,0.6975031052992402
413,Ugurcan Cakir,16,GK,GK,2,6,0.6975031052992402
417,Manuel Peter Neuer,17,GK,GK,2,6,0.6975031052992402
428,Oliver Baumann,17,GK,GK,1,6,0.6975031052992402
437,Alexander Nuebel,17,GK,GK,1,6,0.6975031052992402
443,Eloy Victor Room,18,GK,GK,3,6,0.6975031052992402
467,Tyrick Jeremy Bodak,18,GK,GK,1,6,0.6975031052992402
468,Trevor Irving Doornbusch,18,GK,GK,1,6,0.6975031052992402
469,Yahia Fofana,19,GK,GK,0,6,0.6975031052992402
484,Mohamed Kone,19,GK,GK,1,6,0.6975031052992402
491,Alban-Marc Lafont,19,GK,GK,1,6,0.6975031052992402
495,Hernán Ismael Galindez,20,GK,GK,3,6,0.6975031052992402
506,Wellington Moisés Ramirez,20,GK,GK,1,6,0.6975031052992402
516,Gonzalo Roberto Valle,20,GK,GK,1,6,0.6975031052992402
521,Bart Verbruggen,21,GK,GK,2,6,0.6975031052992402
533,Robin Gerardus Petrus Roefs,21,GK,GK,1,6,0.6975031052992402
543,Mark Maria Hubertus Flekken,21,GK,GK,1,6,0.6975031052992402
547,Zion Suzuki,22,GK,GK,2,6,0.6975031052992402
558,Keisuke Osako,22,GK,GK,1,6,0.6975031052992402
569,Tomoki Hayakawa,22,GK,GK,1,6,0.6975031052992402
573,Jacob Mikael Widell Zetterstrom,23,GK,GK,3,6,0.6975031052992402
584,Tobias Viktor Johansson,23,GK,GK,1,6,0.6975031052992402
595,Bo Kristoffer Nordfeldt,23,GK,GK,4,6,0.6975031052992402
599,Abdelmouhib Chamakh,24,GK,GK,4,6,0.6975031052992402
614,Aymen Dahmen,24,GK,GK,4,6,0.6975031052992402
620,Sabri Ben Hessen,24,GK,GK,1,6,0.6975031052992402
625,Thibaut Nicolas Courtois,25,GK,GK,2,6,0.6975031052992402
636,Senne Lammens,25,GK,GK,1,6,0.6975031052992402
637,Mike Louis Penders,25,GK,GK,1,6,0.6975031052992402
651,Elsayed Mohamed Mohamed Elshenawy,26,GK,GK,4,6,0.6975031052992402
666,Mohamed Soliman Mahdy Soliman,26,GK,GK,1,6,0.6975031052992402
673,Abdelaziz Mohame Mostafa,26,GK,GK,2,6,0.6975031052992402
676,Alaaeldin Soliman Mohamed Alaa,26,GK,GK,1,6,0.6975031052992402
677,Ali Reza Beiranvand,27,GK,GK,3,6,0.6975031052992402
688,Seyedpayam Niazmand,27,GK,GK,1,6,0.6975031052992402
698,Seyedhossein Hosseini,27,GK,GK,1,6,0.6975031052992402
703,Maxime Teremoana Crocombe,28,GK,GK,4,6,0.6975031052992402
714,Alexander Noah Paulsen,28,GK,GK,1,6,0.6975031052992402
724,Michael Cornelis Woud,28,GK,GK,1,6,0.6975031052992402
729,David Raya,29,GK,GK,0,6,0.6975031052992402
741,Joan Garcia,29,GK,GK,1,6,0.6975031052992402
751,Unai Simon,29,GK,GK,0,6,0.6975031052992402
755,José Vozinha,30,GK,GK,3,6,0.6975031052992402
766,Salomão Marcio,30,GK,GK,1,6,0.6975031052992402
777,Joaquim Cj Dos Santos,30,GK,GK,1,6,0.6975031052992402
781,Dhahi Nawaf Alaqidi,31,GK,GK,1,6,0.6975031052992402
801,Khalil Mohammed Alowais,31,GK,GK,3,6,0.6975031052992402
802,Ali Ahmed,31,GK,GK,1,6,0.6975031052992402
807,Sergio Ramón Rochet,32,GK,GK,5,6,0.6975031052992402
818,Santiago Andres Mele,32,GK,GK,1,6,0.6975031052992402
829,Nestor Fernando Muslera,32,GK,GK,2,6,0.6975031052992402
833,Brice Lauriche Samba,33,GK,GK,0,6,0.6975031052992402
848,Mike Peterson Maignan,33,GK,GK,0,6,0.6975031052992402
855,Robin François Philippe Risser,33,GK,GK,1,6,0.6975031052992402
859,Yehvann Djibril Victor Diouf,34,GK,GK,1,6,0.6975031052992402
874,Edouard Osoque Mendy,34,GK,GK,4,6,0.6975031052992402
881,Mory Diaw,34,GK,GK,0,6,0.6975031052992402
885,Talib Raheem Fahad Talib,35,GK,GK,1,6,0.6975031052992402
896,Hasan Hachim Jalal Hassan,35,GK,GK,4,6,0.6975031052992402
906,Basil Fadhil Ahmed,35,GK,GK,4,6,0.6975031052992402
911,Ørjan Haskjold Nyland,36,GK,GK,2,6,0.6975031052992402
922,Sander Tangvik,36,GK,GK,1,6,0.6975031052992402
923,Egil Selvik,36,GK,GK,4,6,0.6975031052992402
937,Juan Agustín Musso,37,GK,GK,2,6,0.6975031052992402
948,Geronimo Rulli,37,GK,GK,1,6,0.6975031052992402
959,Damián Emiliano Martinez,37,GK,GK,0,6,0.6975031052992402
963,Melvin Feycal Mastil,38,GK,GK,1,6,0.6975031052992402
978,Oussama Benbot,38,GK,GK,2,6,0.6975031052992402
985,Luca Zinedine Zidane,38,GK,GK,2,6,0.6975031052992402
989,Alexander Schlager,39,GK,GK,2,6,0.6975031052992402
1000,Florian Wiegele,39,GK,GK,1,6,0.6975031052992402
1001,Patrick Pentz,39,GK,GK,1,6,0.6975031052992402
1015,Mo'ien Hasan Yazeed Abulaila,40,GK,GK,4,6,0.6975031052992402
1026,Zaid Khaleel Nour Baniateyah,40,GK,GK,1,6,0.6975031052992402
1036,Ra'ed Mahmoud Abdallah Alfakhori,40,GK,GK,4,6,0.6975031052992402
1041,Diogo Diogo Costa,41,GK,GK,0,6,0.6975031052992402
1052,Pedro Jose Sa,41,GK,GK,1,6,0.6975031052992402
1062,Tiago Rui Silva,41,GK,GK,1,6,0.6975031052992402
1067,Lionel Nzau Mpasi,42,GK,GK,2,6,0.6975031052992402
1082,Timothy Bruce Munzoko Fayulu,42,GK,GK,1,6,0.6975031052992402
1087,Matthieu Luka Epolo,42,GK,GK,1,6,0.6975031052992402
1093,Utkir Yusupov,43,GK,GK,4,6,0.6975031052992402
1104,Abduvakhid Nematov,43,GK,GK,4,6,0.6975031052992402
1108,Botirali Ergashev,43,GK,GK,1,6,0.6975031052992402
1119,David Ospina,44,GK,GK,0,6,0.6975031052992402
1130,Camilo Andres Vargas,44,GK,GK,0,6,0.6975031052992402
1142,Álvaro David Montero,44,GK,GK,1,6,0.6975031052992402
1145,Jordan Lee Pickford,45,GK,GK,0,6,0.6975031052992402
1157,Dean Bradley Henderson,45,GK,GK,4,6,0.6975031052992402
1167,James Harrington Trafford,45,GK,GK,1,6,0.6975031052992402
1171,Dominik Livakovic,46,GK,GK,2,6,0.6975031052992402
1182,Ivor Pandur,46,GK,GK,1,6,0.6975031052992402
1193,Dominik Kotarski,46,GK,GK,1,6,0.6975031052992402
1197,Lawrence Ati Zigi,47,GK,GK,3,6,0.6975031052992402
1208,Joseph Tetteh Anang,47,GK,GK,1,6,0.6975031052992402
1212,Benjamin Asare,47,GK,GK,0,6,0.6975031052992402
1223,Luis Ricardo Mejia,48,GK,GK,1,6,0.6975031052992402
1234,Cesar Jair Samudio,48,GK,GK,1,6,0.6975031052992402
1244,Orlando Mosquera,48,GK,GK,2,6,0.6975031052992402
6,Erik Antonio Lira,1,MID,MF,0,4,0.9093110877516098
7,Luis Francisco Romo,1,MID,MF,0,4,0.9093110877516098
8,Álvaro Fidalgo,1,MID,MF,0,4,0.9093110877516098
17,Orbelín Pineda,1,MID,MF,0,4,0.9093110877516098
18,Obed Goméz Vargas,1,MID,MF,0,4,0.9093110877516098
19,Gilberto Rafael Mora,1,MID,MF,0,4,0.9093110877516098
24,Luis Gerardo Chavez,1,MID,MF,0,4,0.9093110877516098
26,Brian Gutierrez,1,MID,MF,0,4,0.9093110877516098
30,Teboho Mokoena,2,MID,MF,0,4,0.9093110877516098
31,Thalente Wandile Mbatha,2,MID,MF,0,4,0.9093110877516098
37,Themba Zwane,2,MID,MF,2,4,0.9093110877516098
39,Sphephelo S'miso Sithole,2,MID,MF,0,4,0.9093110877516098
49,Jayden Oswin Adams,2,MID,MF,0,4,0.9093110877516098
55,Gihyuk Lee,3,MID,MF,0,4,0.9093110877516098
58,Inbeom Hwang,3,MID,MF,0,4,0.9093110877516098
60,Seungho Paik,3,MID,MF,0,4,0.9093110877516098
62,Jae Sung Lee,3,MID,MF,0,4,0.9093110877516098
63,Hee Chan Hwang,3,MID,MF,0,4,0.9093110877516098
69,Junho Bae,3,MID,MF,0,4,0.9093110877516098
71,Kangin Lee,3,MID,MF,0,4,0.9093110877516098
72,Hyunjun Yang,3,MID,MF,0,4,0.9093110877516098
76,Jingyu Kim,3,MID,MF,0,4,0.9093110877516098
77,Jisung Eom,3,MID,MF,0,4,0.9093110877516098
78,Donggyeong Lee,3,MID,MF,0,4,0.9093110877516098
86,Vladimír Darida,4,MID,MF,0,4,0.9093110877516098
90,Lukáš Cerv,4,MID,MF,0,4,0.9093110877516098
95,Lukáš Provod,4,MID,MF,0,4,0.9093110877516098
96,Michal Sadilek,4,MID,MF,0,4,0.9093110877516098
100,Tomáš Soucek,4,MID,MF,0,4,0.9093110877516098
102,Alexandr Sojka,4,MID,MF,0,4,0.9093110877516098
103,Hugo Sochurek,4,MID,MF,0,4,0.9093110877516098
110,Mathieu Choiniere,5,MID,MF,0,4,0.9093110877516098
111,Stephen Eustaquio,5,MID,MF,0,4,0.9093110877516098
112,Ismaël Kenneth Jordan Kone,5,MID,MF,0,4,0.9093110877516098
115,Liam Alan Millar,5,MID,MF,0,4,0.9093110877516098
118,Jacob Everett Shaffelburg,5,MID,MF,0,4,0.9093110877516098
125,Jonathan Osorio,5,MID,MF,0,4,0.9093110877516098
129,Nathan-Dylan Saliba,5,MID,MF,0,4,0.9093110877516098
136,Benjamin Tahirovic,6,MID,MF,0,4,0.9093110877516098
138,Armin Gigovic,6,MID,MF,0,4,0.9093110877516098
143,Ivan Basic,6,MID,MF,0,4,0.9093110877516098
144,Ivan Sunjic,6,MID,MF,0,4,0.9093110877516098
145,Amar Memic,6,MID,MF,0,4,0.9093110877516098
146,Amir Hadziahmetovic,6,MID,MF,1,4,0.9093110877516098
147,Dzenis Burnic,6,MID,MF,0,4,0.9093110877516098
156,Ermin Mahmic,6,MID,MF,0,4,0.9093110877516098
162,Hatim Abdulaziz Hatem,7,MID,MF,0,4,0.9093110877516098
168,Karim Karim Boudiaf,7,MID,MF,0,4,0.9093110877516098
173,Mohamed Ahmed Alganehi,7,MID,MF,0,4,0.9093110877516098
176,Fathy Ahmed Fathy,7,MID,MF,0,4,0.9093110877516098
179,Omer Assim Madibo,7,MID,MF,0,4,0.9093110877516098
188,Denis Lemi Zakaria,8,MID,MF,0,4,0.9093110877516098
190,Remo Marco Freuler,8,MID,MF,0,4,0.9093110877516098
191,Johan Kula Manzambi,8,MID,MF,0,4,0.9093110877516098
192,Granit Xhaka,8,MID,MF,0,4,0.9093110877516098
196,Ardon Jashari,8,MID,MF,0,4,0.9093110877516098
197,Djibril Ibrahima Sow,8,MID,MF,0,4,0.9093110877516098
202,Michel Aebischer,8,MID,MF,0,4,0.9093110877516098
204,Fabian Rieder,8,MID,MF,0,4,0.9093110877516098
210,José Ederson Silva,9,MID,MF,0,4,0.9093110877516098
213,Henrique,9,MID,MF,0,4,0.9093110877516098
216,GUIMARAESBruno Bruno,9,MID,MF,0,4,0.9093110877516098
225,Henrique Fabinho,9,MID,MF,0,4,0.9093110877516098
226,Danilo Danilo Santos,9,MID,MF,0,4,0.9093110877516098
228,Lucas Lucas Paqueta,9,MID,MF,0,4,0.9093110877516098
238,Sofyan Amrabat,10,MID,MF,0,4,0.9093110877516098
240,Ayyoub Bouaddi,10,MID,MF,0,4,0.9093110877516098
241,Chemsdine Talbi,10,MID,MF,0,4,0.9093110877516098
242,Azz-Eddine Ounahi,10,MID,MF,0,4,0.9093110877516098
245,Ismael Saibari,10,MID,MF,0,4,0.9093110877516098
249,Samir El Mourabet,10,MID,MF,0,4,0.9093110877516098
250,Gessime Ben Youssef Mustapha Yassine,10,MID,MF,0,4,0.9093110877516098
257,Bilal El Khannouss,10,MID,MF,0,4,0.9093110877516098
258,Neil Yoni El Aynaoui,10,MID,MF,0,4,0.9093110877516098
266,Carl Fred Sainte,11,MID,MF,0,4,0.9093110877516098
270,Jean Ricner Bellegarde,11,MID,MF,0,4,0.9093110877516098
277,Danley Jean Jacques,11,MID,MF,0,4,0.9093110877516098
285,Dominique Celidor Simon,11,MID,MF,0,4,0.9093110877516098
286,Olivier Woodensky Pierre,11,MID,MF,0,4,0.9093110877516098
290,Mc,12,MID,MF,0,4,0.9093110877516098
293,Mc,12,MID,MF,0,4,0.9093110877516098
294,Tyler Robert Fletcher,12,MID,MF,0,4,0.9093110877516098
297,Ryan Christie,12,MID,MF,0,4,0.9093110877516098
305,Lewis Ferguson,12,MID,MF,0,4,0.9093110877516098
309,Mc,12,MID,MF,0,4,0.9093110877516098
316,Tyler Shaan Adams,13,MID,MF,0,4,0.9093110877516098
319,Giovanni Alejandro Reyna,13,MID,MF,0,4,0.9093110877516098
320,Mc,13,MID,MF,0,4,0.9093110877516098
326,Sebastian Matthew Berhalter,13,MID,MF,0,4,0.9093110877516098
327,Cristian Roldan,13,MID,MF,0,4,0.9093110877516098
329,Malik Leon Tillman,13,MID,MF,0,4,0.9093110877516098
345,Ramón Sosa,14,MID,MF,0,4,0.9093110877516098
346,Diego Alexander Gomez,14,MID,MF,0,4,0.9093110877516098
348,Miguel Angel Almiron,14,MID,MF,0,4,0.9093110877516098
349,Mauricio Mauricio,14,MID,MF,0,4,0.9093110877516098
352,Adrián Andrés Cubas,14,MID,MF,0,4,0.9093110877516098
354,Damián Josue Bobadilla,14,MID,MF,0,4,0.9093110877516098
358,Braian Oscar Ojeda,14,MID,MF,0,4,0.9093110877516098
361,Matias Galarza,14,MID,MF,0,4,0.9093110877516098
362,Gustavo Ruben Caballero,14,MID,MF,0,4,0.9093110877516098
372,Connor Isaac Metcalfe,15,MID,MF,0,4,0.9093110877516098
377,Aiden Connor Oneill,15,MID,MF,0,4,0.9093110877516098
378,Cameron Peter Devlin,15,MID,MF,0,4,0.9093110877516098
386,Jackson Alexander Irvine,15,MID,MF,0,4,0.9093110877516098
388,Paul Michael Junior Okon-Engstler,15,MID,MF,0,4,0.9093110877516098
395,Salih Ozcan,16,MID,MF,0,4,0.9093110877516098
396,Orkun Kokcu,16,MID,MF,0,4,0.9093110877516098
400,Hakan Calhanoglu,16,MID,MF,0,4,0.9093110877516098
406,Ismailİsma Yuksek,16,MID,MF,0,4,0.9093110877516098
412,Kaan Ayhan,16,MID,MF,3,4,0.9093110877516098
421,Aleksandar Pavlovic,17,MID,MF,0,4,0.9093110877516098
424,Leon Christoph Goretzka,17,MID,MF,0,4,0.9093110877516098
425,Jamie Jaleel Jeremy Leweling,17,MID,MF,0,4,0.9093110877516098
426,Jamal Musiala,17,MID,MF,0,4,0.9093110877516098
429,Pascal Alexander GROß GROß Gross,17,MID,MF,0,4,0.9093110877516098
432,Angelo Nicolas Stiller,17,MID,MF,0,4,0.9093110877516098
433,Florian Richard Wirtz,17,MID,MF,0,4,0.9093110877516098
435,Leroy Aziz Sane,17,MID,MF,0,4,0.9093110877516098
436,Nadiem Amiri,17,MID,MF,0,4,0.9093110877516098
439,Felix Kalu Nmecha,17,MID,MF,0,4,0.9093110877516098
441,Forzan Assan Ouedraogo,17,MID,MF,0,4,0.9093110877516098
448,Godfried Roemeratoe,18,MID,MF,0,4,0.9093110877516098
449,Juninho Gracielo Bacuna,18,MID,MF,0,4,0.9093110877516098
450,Livano Shyron Liomar Comenencia,18,MID,MF,0,4,0.9093110877516098
452,Leandro Jones Johan Bacuna,18,MID,MF,0,4,0.9093110877516098
457,Jainel Archenir Martha,18,MID,MF,0,4,0.9093110877516098
463,Tahith Jose Girigorio Djorkaef Chong,18,MID,MF,0,4,0.9093110877516098
464,Kevin Antonio Felida,18,MID,MF,0,4,0.9093110877516098
472,Jean Michael Seri,19,MID,MF,0,4,0.9093110877516098
474,Seko Mohamed Fofana,19,MID,MF,0,4,0.9093110877516098
476,Franck Yannick Kessie,19,MID,MF,0,4,0.9093110877516098
486,Ibrahim Sangare,19,MID,MF,0,4,0.9093110877516098
493,Parfait Guiagon,19,MID,MF,0,4,0.9093110877516098
494,Christ Ravynel Inao Oulai,19,MID,MF,0,4,0.9093110877516098
499,Jordy Jose Alcivar,20,MID,MF,0,4,0.9093110877516098
502,Anthony Lenin Valencia,20,MID,MF,0,4,0.9093110877516098
504,Ray Kendry Paez,20,MID,MF,0,4,0.9093110877516098
508,Alan Steve Minda,20,MID,MF,0,4,0.9093110877516098
509,Pedro Jeampierre Vite,20,MID,MF,0,4,0.9093110877516098
512,Denil Daniel Castillo,20,MID,MF,0,4,0.9093110877516098
515,Alan Steven Franco,20,MID,MF,0,4,0.9093110877516098
517,Moisés Isaac Caicedo,20,MID,MF,0,4,0.9093110877516098
523,Marten Elco De Roon,21,MID,MF,0,4,0.9093110877516098
527,Justin Dean Kluivert,21,MID,MF,0,4,0.9093110877516098
528,Ryan Jiro Gravenberch,21,MID,MF,0,4,0.9093110877516098
534,Tijjani Martinus Jan Reijnders,21,MID,MF,0,4,0.9093110877516098
536,Guus Berend Til,21,MID,MF,0,4,0.9093110877516098
540,Teun Koopmeiners,21,MID,MF,0,4,0.9093110877516098
541,Frenkie De Jong,21,MID,MF,0,4,0.9093110877516098
546,Quinten Ryan Crispito Timber,21,MID,MF,0,4,0.9093110877516098
553,Ao Tanaka,22,MID,MF,0,4,0.9093110877516098
554,Takefusa Kubo,22,MID,MF,0,4,0.9093110877516098
556,Ritsu Doan,22,MID,MF,0,4,0.9093110877516098
557,Daizen Maeda,22,MID,MF,0,4,0.9093110877516098
559,Keito Nakamura,22,MID,MF,0,4,0.9093110877516098
560,Junya Ito,22,MID,MF,0,4,0.9093110877516098
561,Daichi Kamada,22,MID,MF,0,4,0.9093110877516098
563,Yuito Suzuki,22,MID,MF,0,4,0.9093110877516098
570,Kaishu Sano,22,MID,MF,0,4,0.9093110877516098
579,Lucas Erik Holger Bergvall,23,MID,MF,0,4,0.9093110877516098
582,Erik Benjamin Nygren,23,MID,MF,0,4,0.9093110877516098
585,Ken Sema,23,MID,MF,0,4,0.9093110877516098
588,Jesper Kewe Karlstrom,23,MID,MF,0,4,0.9093110877516098
590,Yasin Ayari,23,MID,MF,0,4,0.9093110877516098
591,Mattias Olof Svanberg,23,MID,MF,0,4,0.9093110877516098
594,Besfort Zeneli,23,MID,MF,0,4,0.9093110877516098
608,Hannibal Mejbri,24,MID,MF,0,4,0.9093110877516098
609,Ismael Seifallah Gharbi,24,MID,MF,0,4,0.9093110877516098
611,Rani Khedira,24,MID,MF,0,4,0.9093110877516098
612,Khalil Ayari,24,MID,MF,0,4,0.9093110877516098
613,Mohamed Hadj Mahmoud,24,MID,MF,0,4,0.9093110877516098
615,Ellyes Joris Skhiri,24,MID,MF,0,4,0.9093110877516098
623,Anis Slimane,24,MID,MF,0,4,0.9093110877516098
624,Sebastian Tounekti,24,MID,MF,0,4,0.9093110877516098
630,Axel Laurent Witsel,25,MID,MF,0,4,0.9093110877516098
631,Kevin De Bruyne,25,MID,MF,0,4,0.9093110877516098
632,Youri Marion Tielemans,25,MID,MF,0,4,0.9093110877516098
643,Diego Manuel Moreira,25,MID,MF,0,4,0.9093110877516098
644,Hans Vanaken,25,MID,MF,0,4,0.9093110877516098
646,Alexis Jesse Saelemaekers,25,MID,MF,0,4,0.9093110877516098
647,Nicolas Thierry Raskin,25,MID,MF,0,4,0.9093110877516098
648,Amadou Ba Onana,25,MID,MF,0,4,0.9093110877516098
658,Ashour Metwaly Emam,26,MID,MF,0,4,0.9093110877516098
661,Mohamed Zaky Mostafa Zico,26,MID,MF,0,4,0.9093110877516098
664,Fathy Abdelhalim Hamdy Fathy,26,MID,MF,0,4,0.9093110877516098
667,Mostafa Ahmed Mohanad Lashin,26,MID,MF,0,4,0.9093110877516098
668,Aly Elmahdy Nabil,26,MID,MF,0,4,0.9093110877516098
669,Attia Fahim Marawan Attia,26,MID,MF,0,4,0.9093110877516098
671,Saber Abdelmohsen Mahmoud,26,MID,MF,0,4,0.9093110877516098
682,Saeid Ezatolahi,27,MID,MF,0,4,0.9093110877516098
683,Alireza Jahanbakhsh,27,MID,MF,0,4,0.9093110877516098
684,Mohammad Mohebbi,27,MID,MF,0,4,0.9093110877516098
690,Seyed Saman Ghoddos,27,MID,MF,0,4,0.9093110877516098
691,Roozbeh Cheshmi,27,MID,MF,0,4,0.9093110877516098
692,Mahdi Torabi,27,MID,MF,0,4,0.9093110877516098
697,Mohammad Ghorbani,27,MID,MF,0,4,0.9093110877516098
702,Amirmohammad Razaghinia,27,MID,MF,0,4,0.9093110877516098
708,Joe Zen Robert Bell,28,MID,MF,0,4,0.9093110877516098
710,Marko Seufatu Nikola Stamenic,28,MID,MF,0,4,0.9093110877516098
712,Sarpreet Singh,28,MID,MF,0,4,0.9093110877516098
713,Elijah Henry Just,28,MID,MF,0,4,0.9093110877516098
716,Alex Arthur Rufer,28,MID,MF,0,4,0.9093110877516098
721,Benjamin Craig Old,28,MID,MF,0,4,0.9093110877516098
722,Mc,28,MID,MF,0,4,0.9093110877516098
725,Ryan Jared Thomas,28,MID,MF,0,4,0.9093110877516098
727,Lachlan Ryan Bayliss,28,MID,MF,0,4,0.9093110877516098
734,Mikel Merino,29,MID,MF,0,4,0.9093110877516098
736,Fabian Ruiz,29,MID,MF,0,4,0.9093110877516098
737,Pablo Gavi,29,MID,MF,0,4,0.9093110877516098
743,Alejandro Baena,29,MID,MF,0,4,0.9093110877516098
744,Rodrigo Rodri,29,MID,MF,0,4,0.9093110877516098
746,Martin Zubimendi,29,MID,MF,0,4,0.9093110877516098
748,Pedro Pedri,29,MID,MF,0,4,0.9093110877516098
760,Lenini Kevin Pina,30,MID,MF,0,4,0.9093110877516098
761,Eduardo Jovane,30,MID,MF,0,4,0.9093110877516098
762,Paulo Joao Paulo,30,MID,MF,0,4,0.9093110877516098
764,Gregory Jamiro Monteiro,30,MID,MF,0,4,0.9093110877516098
765,RODRIGUESGarry Garry,30,MID,MF,0,4,0.9093110877516098
768,Deroy Deroy Duarte,30,MID,MF,0,4,0.9093110877516098
769,Michael Laros Duarte,30,MID,MF,0,4,0.9093110877516098
770,SEMEDOJair Yannick,30,MID,MF,0,4,0.9093110877516098
771,Johnson Willy,30,MID,MF,0,4,0.9093110877516098
772,Emanuel Telmo,30,MID,MF,0,4,0.9093110877516098
775,Miguel Nuno Da Costa,30,MID,MF,0,4,0.9093110877516098
780,Sandro Helio Varela,30,MID,MF,0,4,0.9093110877516098
786,Essa Nasser Aldawsari,31,MID,MF,0,4,0.9093110877516098
787,Fahad Musab Aljuwayr,31,MID,MF,0,4,0.9093110877516098
795,Mohammed Abdullah Alkhaibari,31,MID,MF,0,4,0.9093110877516098
796,Mubarak Ziyad Aljohani,31,MID,MF,0,4,0.9093110877516098
798,Mohsen Ala Alhajji,31,MID,MF,0,4,0.9093110877516098
803,Ibrahim Mohamed,31,MID,MF,0,4,0.9093110877516098
811,Manuel Ugarte,32,MID,MF,0,4,0.9093110877516098
812,Rodrigo Bentancur,32,MID,MF,0,4,0.9093110877516098
813,Diego Nicolás De La Cruz,32,MID,MF,0,4,0.9093110877516098
814,Federico Santiago Valverde,32,MID,MF,0,4,0.9093110877516098
816,Giorgian Daniel De Arrascaeta,32,MID,MF,0,4,0.9093110877516098
820,Agustin Canobbio,32,MID,MF,0,4,0.9093110877516098
821,Emiliano Martinez,32,MID,MF,0,4,0.9093110877516098
826,Maximiliano Javier Araujo,32,MID,MF,0,4,0.9093110877516098
828,Joaquin Piquerez,32,MID,MF,0,4,0.9093110877516098
831,Juan Manuel Sanabria,32,MID,MF,0,4,0.9093110877516098
832,Radrigo Zalazar,32,MID,MF,0,4,0.9093110877516098
838,Emmanuel Boris Kone,33,MID,MF,0,4,0.9093110877516098
840,Aurélien Djani Tchouameni,33,MID,MF,0,4,0.9093110877516098
845,N'golo Kante,33,MID,MF,0,4,0.9093110877516098
846,Adrien Thibault Marie Rabiot,33,MID,MF,0,4,0.9093110877516098
850,Warren Marie Jean-Pierre Zaire-Emery,33,MID,MF,0,4,0.9093110877516098
856,Mathis Rayan Cherki,33,MID,MF,0,4,0.9093110877516098
857,Maghnes Akliouche,33,MID,MF,0,4,0.9093110877516098
863,Idrissa Gana Gueye,34,MID,MF,0,4,0.9093110877516098
864,Ismaila Pathe Ciss,34,MID,MF,0,4,0.9093110877516098
866,Lamine Camara,34,MID,MF,0,4,0.9093110877516098
875,Pape Matar Sarr,34,MID,MF,0,4,0.9093110877516098
879,Habib Mbacke Diarra,34,MID,MF,0,4,0.9093110877516098
880,Bara Sapoko Ndiaye,34,MID,MF,0,4,0.9093110877516098
884,Pape Alassane Gueye,34,MID,MF,0,4,0.9093110877516098
891,Wali Faeq Youssef Amyn,35,MID,MF,0,4,0.9093110877516098
892,Bayesh Kamil Ibrahim Bayesh,35,MID,MF,0,4,0.9093110877516098
898,Aamar Iqbal Zidane,35,MID,MF,0,4,0.9093110877516098
900,Fouad Aboud Amir Alammari,35,MID,MF,0,4,0.9093110877516098
903,Yakob William Kevin Yakob,35,MID,MF,0,4,0.9093110877516098
904,Hazar Anwar Aimar,35,MID,MF,0,4,0.9093110877516098
908,Ismael Khaleel Zaid Ismael,35,MID,MF,0,4,0.9093110877516098
912,Morten Thorsby,36,MID,MF,0,4,0.9093110877516098
916,Patrick Berg,36,MID,MF,0,4,0.9093110877516098
918,Sander Gard Bolin Berge,36,MID,MF,0,4,0.9093110877516098
920,Martín Odegaard,36,MID,MF,0,4,0.9093110877516098
924,Fredrik Aursnes,36,MID,MF,0,4,0.9093110877516098
928,Kristian Thorstvedt,36,MID,MF,0,4,0.9093110877516098
929,Thelonious Gerard Aasgaard,36,MID,MF,0,4,0.9093110877516098
931,Andreas Rædergård Schjelderup,36,MID,MF,0,4,0.9093110877516098
932,Oscar Bobb,36,MID,MF,0,4,0.9093110877516098
933,Jens Petter Hauge,36,MID,MF,0,4,0.9093110877516098
941,Leandro Daniel Paredes,37,MID,MF,0,4,0.9093110877516098
943,Rodrigo Javier De Paul,37,MID,MF,0,4,0.9093110877516098
944,Valentin Barco,37,MID,MF,0,4,0.9093110877516098
947,Giovani Lo Celso,37,MID,MF,0,4,0.9093110877516098
950,Exequiel Alejandro Palacios,37,MID,MF,0,4,0.9093110877516098
951,Nicolas Ivan Gonzalez,37,MID,MF,0,4,0.9093110877516098
956,Alexis Mac Allister,37,MID,MF,0,4,0.9093110877516098
960,Enzo Jeremías Fernandez,37,MID,MF,0,4,0.9093110877516098
968,Ramiz Larbi Zerrouki,38,MID,MF,0,4,0.9093110877516098
970,Houssem-Eddine Chaabane Aouar,38,MID,MF,0,4,0.9093110877516098
972,Fares Chaibi,38,MID,MF,0,4,0.9093110877516098
976,Hicham Boudaoui,38,MID,MF,0,4,0.9093110877516098
981,Nabil Bentaleb,38,MID,MF,0,4,0.9093110877516098
984,Ibrahim Maza,38,MID,MF,0,4,0.9093110877516098
986,Yassine Titraoui,38,MID,MF,0,4,0.9093110877516098
992,Xaver Schlager,39,MID,MF,0,4,0.9093110877516098
994,Nicolas Seiwald,39,MID,MF,0,4,0.9093110877516098
997,Marcel Sabitzer,39,MID,MF,0,4,0.9093110877516098
998,Florian Grillitsch,39,MID,MF,0,4,0.9093110877516098
1005,Carney Chibueze Chukwuemeka,39,MID,MF,0,4,0.9093110877516098
1006,Romano Schmid,39,MID,MF,0,4,0.9093110877516098
1007,Dejan Ljubicic,39,MID,MF,0,4,0.9093110877516098
1008,Konrad Laimer,39,MID,MF,0,4,0.9093110877516098
1010,Alexander Prass,39,MID,MF,0,4,0.9093110877516098
1012,Paul Wanner,39,MID,MF,0,4,0.9093110877516098
1014,Alessandro Andre Schoepf,39,MID,MF,0,4,0.9093110877516098
1020,Rasem Adel Amer Jamous,40,MID,MF,0,4,0.9093110877516098
1022,Mahmoud Ali Noor Alrawabdeh,40,MID,MF,0,4,0.9093110877516098
1028,Ayed Fadel Rajaei Ayed,40,MID,MF,0,4,0.9093110877516098
1029,Mohammad Sami Ibrahim,40,MID,MF,0,4,0.9093110877516098
1032,Ahmed Mohammad Mohammad,40,MID,MF,0,4,0.9093110877516098
1034,Mahmoud Saleh Mohannad Abutaha,40,MID,MF,0,4,0.9093110877516098
1035,Mahmoud Ahmed Nizar Alrashdan,40,MID,MF,0,4,0.9093110877516098
1039,Ratib Mohammad Mohammad Aldaoud,40,MID,MF,0,4,0.9093110877516098
1046,Luiz Matheus,41,MID,MF,0,4,0.9093110877516098
1048,Miguel Bruno,41,MID,MF,0,4,0.9093110877516098
1050,Bernardo Bernardo Silva,41,MID,MF,0,4,0.9093110877516098
1055,Pedro Joao Neves,41,MID,MF,0,4,0.9093110877516098
1061,Diogo Ruben,41,MID,MF,0,4,0.9093110877516098
1063,Vitor Vitinha,41,MID,MF,0,4,0.9093110877516098
1072,Ngal’ayel Mukau,42,MID,MF,0,4,0.9093110877516098
1073,Nathanaël Mbuku,42,MID,MF,0,4,0.9093110877516098
1074,Samuel Alain Moutoussamy,42,MID,MF,0,4,0.9093110877516098
1076,Theo Mbulofeko Batombo Bongonda,42,MID,MF,0,4,0.9093110877516098
1080,Noah Junior Sadiki,42,MID,MF,0,4,0.9093110877516098
1081,Tshibola Tshibola,42,MID,MF,0,4,0.9093110877516098
1084,Charles Monginda Pickel,42,MID,MF,0,4,0.9093110877516098
1091,Edo Kayembe Kayembe,42,MID,MF,0,4,0.9093110877516098
1098,Akmal Mozgovoy,43,MID,MF,0,4,0.9093110877516098
1099,Otabek Shukurov,43,MID,MF,0,4,0.9093110877516098
1100,Jamshid Iskanderov,43,MID,MF,0,4,0.9093110877516098
1101,Odiljon Xamrobekov,43,MID,MF,0,4,0.9093110877516098
1102,Ruslanbek Jiyanov,43,MID,MF,0,4,0.9093110877516098
1103,Oston Urunov,43,MID,MF,0,4,0.9093110877516098
1109,Dostonbek Khamdamov,43,MID,MF,0,4,0.9093110877516098
1111,Azizjon Ganiev,43,MID,MF,0,4,0.9093110877516098
1114,Abbosbek Fayzullaev,43,MID,MF,0,4,0.9093110877516098
1115,Sherzod Esanov,43,MID,MF,0,4,0.9093110877516098
1123,Kevin Duvan Castano,44,MID,MF,0,4,0.9093110877516098
1124,Richard Rios,44,MID,MF,0,4,0.9093110877516098
1126,Jorge Andres Carrascal,44,MID,MF,0,4,0.9093110877516098
1128,James David Rodriguez,44,MID,MF,0,4,0.9093110877516098
1129,Jhon Adolfo Arias,44,MID,MF,0,4,0.9093110877516098
1133,Juan Camilo Portilla,44,MID,MF,0,4,0.9093110877516098
1134,Jefferson Andrés Lerma,44,MID,MF,0,4,0.9093110877516098
1138,Juan Fernando Quintero,44,MID,MF,0,4,0.9093110877516098
1148,Declan Rice,45,MID,MF,0,4,0.9093110877516098
1152,Elliot Junior Anderson,45,MID,MF,0,4,0.9093110877516098
1154,Jude Victor William Bellingham,45,MID,MF,0,4,0.9093110877516098
1158,Jordan Brian Henderson,45,MID,MF,0,4,0.9093110877516098
1160,Kobbie Boateng Mainoo,45,MID,MF,0,4,0.9093110877516098
1161,Morgan Elliot Rogers,45,MID,MF,0,4,0.9093110877516098
1165,Eberechi Oluchi Eze,45,MID,MF,0,4,0.9093110877516098
1177,Nikola Moro,46,MID,MF,0,4,0.9093110877516098
1178,Mateo Kovacic,46,MID,MF,0,4,0.9093110877516098
1180,Luka Modric,46,MID,MF,0,4,0.9093110877516098
1183,Nikola Vlasic,46,MID,MF,0,4,0.9093110877516098
1185,Mario Pasalic,46,MID,MF,0,4,0.9093110877516098
1186,Martin Baturina,46,MID,MF,0,4,0.9093110877516098
1187,Petar Sucic,46,MID,MF,0,4,0.9093110877516098
1189,Toni Fruk,46,MID,MF,0,4,0.9093110877516098
1191,Luka Sucic,46,MID,MF,0,4,0.9093110877516098
1199,Caleb Marfo Yirenkyi,47,MID,MF,0,4,0.9093110877516098
1201,Thomas Teye Partey,47,MID,MF,0,4,0.9093110877516098
1204,Kwasi Sibo,47,MID,MF,0,4,0.9093110877516098
1207,Antoine Serlom Semenyo,47,MID,MF,0,4,0.9093110877516098
1211,Elisha Owusu,47,MID,MF,0,4,0.9093110877516098
1216,Augustine Boakye,47,MID,MF,0,4,0.9093110877516098
1228,Cristian Jesus Martinez,48,MID,MF,0,4,0.9093110877516098
1229,Jose Luis Rodriguez,48,MID,MF,0,4,0.9093110877516098
1230,Adalberto Eliecer Carrasquilla,48,MID,MF,0,4,0.9093110877516098
1232,Ismael Diaz,48,MID,MF,0,4,0.9093110877516098
1233,Edgar Yoel Barcenas,48,MID,MF,0,4,0.9093110877516098
1241,Alberto Abdiel Quintero,48,MID,MF,0,4,0.9093110877516098
1242,Anibal Casis Godoy,48,MID,MF,0,4,0.9093110877516098
1243,Cesar Augusto Yanis,48,MID,MF,0,4,0.9093110877516098
