player_id,player_name,team_id,position,position_group,anomaly_score,is_anomaly
862,Abdoulaye Seck,34,DEF,DF,0.7849591638394814,True
461,Gervane Zjandric Adonnis Kastaneer,18,FWD,FW,0.7398126728177741,True
412,Kaan Ayhan,16,MID,MF,0.731403418707631,True
133,Dennis Hadzikadunic,6,DEF,DF,0.7282102502954487,True
1137,Juan Camilo Hernandez,44,FWD,FW,0.7091642569825969,True
37,Themba Zwane,2,MID,MF,0.6976087950128705,True
146,Amir Hadziahmetovic,6,MID,MF,0.6969781155184589,True
886,Ghareeb Solaka Rebin Sulaka,35,DEF,DF,0.6963755893982864,True
4,Edson Omar Alvarez,1,DEF,DF,0.6812031425125232,True
1197,Lawrence Ati Zigi,47,GK,GK,0.6811869233429332,True
1119,David Ospina,44,GK,GK,0.6808046538302379,True
443,Eloy Victor Room,18,GK,GK,0.6798221819679321,True
1139,Jaminton Leandro Campaz,44,FWD,FW,0.679162548856072,True
436,Nadiem Amiri,17,MID,MF,0.6753848629627306,True
699,Ramin Rezaeian,27,DEF,DF,0.6623292794656567,True
843,Michael Akpovie Olise,33,FWD,FW,0.6585859225055244,True
318,Auston Levi-Jesaiah Trusty,13,DEF,DF,0.6563925506557962,True
182,Naceur Mohamed Manai,7,FWD,FW,0.6515157608679261,True
778,Fabricio Wagner Pina,30,DEF,DF,0.6452074454752925,True
751,Unai Simon,29,GK,GK,0.6418156987249286,True
842,Kylian Mbappe,33,FWD,FW,0.6415849728284542,True
978,Oussama Benbot,38,GK,GK,0.6371091456938563,True
914,Leo Skiri Ostigard,36,DEF,DF,0.6357566737950089,True
3,César Jasib Montes,1,DEF,DF,0.6349525548977428,True
906,Basil Fadhil Ahmed,35,GK,GK,0.6268258554254483,True
599,Abdelmouhib Chamakh,24,GK,GK,0.6219961523561914,True
633,Romelu Lukaku,25,FWD,FW,0.6192284763102339,True
170,Elamin Homam,7,DEF,DF,0.6174435448383399,True
442,Deniz Undav,17,FWD,FW,0.6112242649676134,True
403,Evren Eren Elmali,16,DEF,DF,0.6070976267117939,True
332,Folarin Jolaoluwa Balogun,13,FWD,FW,0.6070398433461556,True
752,Marc Cucurella,29,DEF,DF,0.6048925787994006,True
105,Dayne Tristan St. Clair,5,GK,GK,0.6046387132400038,True
807,Sergio Ramón Rochet,32,GK,GK,0.6046387132400038,True
365,Mathew David Ryan,15,GK,GK,0.6046387132400038,True
13,Francisco Guillermo Ochoa,1,GK,GK,0.6046387132400038,True
1154,Jude Victor William Bellingham,45,MID,MF,0.603543744422568,True
1138,Juan Fernando Quintero,44,MID,MF,0.6032062375855319,True
280,Frantzdy Pierrot,11,FWD,FW,0.6023985434467077,True
85,Ladislav Krejci,4,DEF,DF,0.60235527534976,True
1,José Raúl Rangel,1,GK,GK,0.6015845661904848,True
884,Pape Alassane Gueye,34,MID,MF,0.5996814092024999,True
262,Carlens Jean Fedlaire Ruby Arcus,11,DEF,DF,0.5953085581592462,True
1130,Camilo Andres Vargas,44,GK,GK,0.5948012685400388,True
591,Mattias Olof Svanberg,23,MID,MF,0.5936064296066288,True
431,Nico Cédric Schlotterbeck,17,DEF,DF,0.5892576429826298,True
179,Omer Assim Madibo,7,MID,MF,0.5861286812070168,True
368,Jacob Michael Italiano,15,DEF,DF,0.5818342137983173,True
1145,Jordan Lee Pickford,45,GK,GK,0.5808747327052817,True
871,Iliman Cheikh Baroy Ndiaye,34,FWD,FW,0.5771542905468846,True
236,Achraf Hakimi,10,DEF,DF,0.5737837933477005,True
573,Jacob Mikael Widell Zetterstrom,23,GK,GK,0.5711280002559785,True
134,Tarik Muharemovic,6,DEF,DF,0.5688603807460565,True
1170,Jarell Amorin Quansah,45,DEF,DF,0.5684531979937626,True
434,Nathaniel Christopher Brown,17,DEF,DF,0.5683973319958373,True
789,Tariq Feras,31,FWD,FW,0.5677763826886947,True
328,Alexander Michael Freeman,13,DEF,DF,0.5669060026327534,True
218,Neymar Neymar Jr,9,FWD,FW,0.566900567852151,True
1104,Abduvakhid Nematov,43,GK,GK,0.5665032249794344,True
34,Tshepang Moremi,2,FWD,FW,0.5655859852581803,True
554,Takefusa Kubo,22,MID,MF,0.5644233339898735,True
336,Matthew Andrew Geary Freese,13,GK,GK,0.5643523828028444,True
747,Lamine Yamal Yamal,29,FWD,FW,0.5604081180966218,True
949,Cristian Gabriel Romero,37,DEF,DF,0.5601111387508486,True
942,Lisandro Martinez,37,DEF,DF,0.5601111387508486,True
1041,Diogo Diogo Costa,41,GK,GK,0.5583892636992311,True
216,GUIMARAESBruno Bruno,9,MID,MF,0.5580100403931498,True
848,Mike Peterson Maignan,33,GK,GK,0.5577903800342728,True
740,Pedro Antonio Porro,29,DEF,DF,0.5576541170726245,True
840,Aurélien Djani Tchouameni,33,MID,MF,0.5564186182059335,True
836,Dayotchanculle Oswald Upamecano,33,DEF,DF,0.5559960355857283,True
1120,Daniel Munoz,44,DEF,DF,0.5555860398889342,True
495,Hernán Ismael Galindez,20,GK,GK,0.5554016426680309,True
801,Khalil Mohammed Alowais,31,GK,GK,0.555005491054415,True
1157,Dean Bradley Henderson,45,GK,GK,0.5544794027579562,True
729,David Raya,29,GK,GK,0.5529604478153438,True
931,Andreas Rædergård Schjelderup,36,MID,MF,0.5527374108919407,True
350,Orlando Daniel Gill,14,GK,GK,0.5511032012245696,True
497,Piero Martin Hincapie,20,DEF,DF,0.550090225507379,True
916,Patrick Berg,36,MID,MF,0.5481073637317556,True
959,Damián Emiliano Martinez,37,GK,GK,0.548067424886367,True
473,Wilfried Stephane Singo,19,DEF,DF,0.5469920036027718,True
881,Mory Diaw,34,GK,GK,0.5463870251708003,True
244,Brahim Diaz,10,FWD,FW,0.546354622751207,True
1153,Harry Edward Kane,45,FWD,FW,0.545951905237452,True
1085,Mayele Fiston Mayele,42,FWD,FW,0.5453556466009197,True
39,Sphephelo S'miso Sithole,2,MID,MF,0.5453212057711992,True
1148,Declan Rice,45,MID,MF,0.54520759035946,True
946,Lionel Andrés Messi,37,FWD,FW,0.5427497814007342,True
703,Maxime Teremoana Crocombe,28,GK,GK,0.541373858952826,True
1093,Utkir Yusupov,43,GK,GK,0.5410644931993607,True
649,Nathan Ngoy,25,DEF,DF,0.5396531224096898,True
192,Granit Xhaka,8,MID,MF,0.5389835040367409,True
422,Joshua Walter Kimmich,17,DEF,DF,0.5382401174365531,True
602,Omar Rekik,24,DEF,DF,0.538066377254398,True
1219,Derrick Luckassen,47,DEF,DF,0.538066377254398,True
755,José Vozinha,30,GK,GK,0.5375470833807008,True
923,Egil Selvik,36,GK,GK,0.537319568362346,True
900,Fouad Aboud Amir Alammari,35,MID,MF,0.5356275982085288,True
625,Thibaut Nicolas Courtois,25,GK,GK,0.5344224711089998,True
6,Erik Antonio Lira,1,MID,MF,0.5339936002900415,True
16,Julián Andrés Quinones,1,FWD,FW,0.5338301153173719,True
733,Marcos Llorente,29,DEF,DF,0.5330281326656438,True
743,Alejandro Baena,29,MID,MF,0.5323022371182193,True
168,Karim Karim Boudiaf,7,MID,MF,0.5313749193417885,True
157,Ibrahim Mahmoud Abunada,7,GK,GK,0.5296116900786657,True
416,Can Yılmaz Uzun,16,FWD,FW,0.5294655600019437,True
1172,Josip Stanisic,46,DEF,DF,0.5281730261297958,True
970,Houssem-Eddine Chaabane Aouar,38,MID,MF,0.5280695581599107,True
224,Douglas Douglas Santos,9,DEF,DF,0.5270703859934742,True
369,Jordan Jacob Bos,15,DEF,DF,0.5248161379120309,True
956,Alexis Mac Allister,37,MID,MF,0.5247947327476125,True
1152,Elliot Junior Anderson,45,MID,MF,0.5243380071730991,True
896,Hasan Hachim Jalal Hassan,35,GK,GK,0.5243341508449831,True
974,Ahmed Nadhir Benbouali,38,FWD,FW,0.5239953142345262,True
348,Miguel Angel Almiron,14,MID,MF,0.522546895489688,True
1171,Dominik Livakovic,46,GK,GK,0.5219905733390372,True
1146,Ezri Ngoyo Konsa,45,DEF,DF,0.5219149615341392,True
243,Soufiane Rahimi,10,FWD,FW,0.5214651543312926,True
56,Minjae Kim,3,DEF,DF,0.5211214117285858,True
120,Maxime Crepeau,5,GK,GK,0.5204072465549672,True
919,Erling Braut Haaland,36,FWD,FW,0.5184624873637448,True
839,Masour Ousmane Dembele,33,FWD,FW,0.5155564193975409,True
542,Denzel Justus Morris Dumfries,21,DEF,DF,0.5147400373414305,True
677,Ali Reza Beiranvand,27,GK,GK,0.5145767339511529,True
738,Daniel Olmo,29,FWD,FW,0.5141299075191671,True
960,Enzo Jeremías Fernandez,37,MID,MF,0.5135573214308874,True
183,Gregor Kobel,8,GK,GK,0.5134105534007086,True
957,Jose Manuel Alberto Lopez,37,FWD,FW,0.5126131799852293,True
833,Brice Lauriche Samba,33,GK,GK,0.5122307307499424,True
156,Ermin Mahmic,6,MID,MF,0.5100112850681843,True
317,Antonee Robinson,13,DEF,DF,0.5096625959500036,True
749,Mikel Oyarzabal,29,FWD,FW,0.5091628730981779,True
1212,Benjamin Asare,47,GK,GK,0.5079631271055765,True
191,Johan Kula Manzambi,8,MID,MF,0.5075459693623169,True
748,Pedro Pedri,29,MID,MF,0.5064574337916974,True
907,Ghazi Salih Merchas,35,DEF,DF,0.5060880141836546,True
792,Abdullah Saud Abdulhamid,31,DEF,DF,0.5060880141836546,True
837,Jules Olivier Kounde,33,DEF,DF,0.505016178846939,True
195,Ricardo Ivan Rodriguez,8,DEF,DF,0.5045767993687007,True
315,Christopher Jeffrey Richards,13,DEF,DF,0.5043255054160024,True
1065,Alexandre Nuno,41,DEF,DF,0.5040093852651546,True
565,Koki Ogawa,22,FWD,FW,0.5032213346586619,True
911,Ørjan Haskjold Nyland,36,GK,GK,0.5022134889105151,True
235,Yassine Bounou,10,GK,GK,0.5014714098134245,True
261,Johny Placide,11,GK,GK,0.5011371028535125,True
382,Patrick Thomas Beach,15,GK,GK,0.5010727376443149,True
27,Ronwen Hayden Williams,2,GK,GK,0.5008361934384299,True
367,Alessandro Circati,15,DEF,DF,0.49971797289309144,False
383,Harry James Souttar,15,DEF,DF,0.49971797289309144,False
1036,Ra'ed Mahmoud Abdallah Alfakhori,40,GK,GK,0.4995455471990643,False
245,Ismael Saibari,10,MID,MF,0.49806043424477386,False
25,Roberto Carlos Alvarado,1,FWD,FW,0.49793643278741156,False
209,Ramsés Alisson,9,GK,GK,0.49721836440461314,False
1079,Meschack Lina Elia,42,FWD,FW,0.4967031191731876,False
651,Elsayed Mohamed Mohamed Elshenawy,26,GK,GK,0.4965929174830909,False
530,Memphis Depay,21,FWD,FW,0.4941473700565835,False
1151,Bukayo Ayoyinka Saka,45,FWD,FW,0.4934143958344216,False
30,Teboho Mokoena,2,MID,MF,0.4923327492594626,False
661,Mohamed Zaky Mostafa Zico,26,MID,MF,0.4900998021073679,False
614,Aymen Dahmen,24,GK,GK,0.4884285710232504,False
199,Ruben Estephan Vargas,8,FWD,FW,0.48713026037816437,False
989,Alexander Schlager,39,GK,GK,0.48691154932972774,False
215,José Vinicius,9,FWD,FW,0.48634693920636435,False
704,Timothy John Payne,28,DEF,DF,0.48615097399338436,False
329,Malik Leon Tillman,13,MID,MF,0.4857730662028051,False
433,Florian Richard Wirtz,17,MID,MF,0.4855852869720979,False
660,Hamed Mahrous Mohamed Salah,26,FWD,FW,0.48533949385701924,False
469,Yahia Fofana,19,GK,GK,0.48523504932137357,False
8,Álvaro Fidalgo,1,MID,MF,0.48515612865691576,False
937,Juan Agustín Musso,37,GK,GK,0.48513255313654446,False
786,Essa Nasser Aldawsari,31,MID,MF,0.484745412203613,False
129,Nathan-Dylan Saliba,5,MID,MF,0.48465720149425584,False
1162,Anthony Michael Gordon,45,FWD,FW,0.4845480896627538,False
287,Angus Fraser James Gunn,12,GK,GK,0.4845224768740383,False
544,Crysencio Jilbert Sylverio Cir Summerville,21,FWD,FW,0.483442528389728,False
874,Edouard Osoque Mendy,34,GK,GK,0.4831894042472128,False
844,Bradley Jean-Manuel Essolisa Barcola,33,FWD,FW,0.48248655762908765,False
784,Ali Abdulelah Alamri,31,DEF,DF,0.4822332688632752,False
673,Abdelaziz Mohame Mostafa,26,GK,GK,0.48197526201708557,False
559,Keito Nakamura,22,MID,MF,0.48141809995666085,False
581,Alexander Isak,23,FWD,FW,0.48096140586571073,False
313,Matthew Charles Turner,13,GK,GK,0.4790021595979096,False
920,Martín Odegaard,36,MID,MF,0.47748215142767847,False
417,Manuel Peter Neuer,17,GK,GK,0.47637435271046064,False
1015,Mo'ien Hasan Yazeed Abulaila,40,GK,GK,0.47616198438767693,False
1165,Eberechi Oluchi Eze,45,MID,MF,0.47521789828151967,False
979,Rafik Belghali,38,DEF,DF,0.474784024630633,False
595,Bo Kristoffer Nordfeldt,23,GK,GK,0.4747271635589777,False
386,Jackson Alexander Irvine,15,MID,MF,0.4742182873497444,False
926,Marcus Holmgren Holmgren Pedersen,36,DEF,DF,0.47377929847265066,False
1060,Pedro Joao Cancelo,41,DEF,DF,0.4721703123780458,False
969,Riyad Karim Mahrez,38,FWD,FW,0.470990907328711,False
1057,Alexandre Rafael Leao,41,FWD,FW,0.4709546290609453,False
346,Diego Alexander Gomez,14,MID,MF,0.47033163763664154,False
112,Ismaël Kenneth Jordan Kone,5,MID,MF,0.47033163763664154,False
826,Maximiliano Javier Araujo,32,MID,MF,0.4676059311672411,False
876,Ismaila Sarr,34,FWD,FW,0.4672882212729622,False
526,Paul Jan-Paul Van Hecke,21,DEF,DF,0.4669523431945426,False
524,Virgil Van Dijk,21,DEF,DF,0.4669523431945426,False
1220,Ernest Nuamah Nuamah,47,FWD,FW,0.466807485527259,False
166,Khalid Hassan Alhaydos,7,FWD,FW,0.4661310563954694,False
7,Luis Francisco Romo,1,MID,MF,0.4654933934735737,False
128,Promise Oluwatobi Emmanuel David,5,FWD,FW,0.4654488576940256,False
1125,Luis Fernando Diaz,44,FWD,FW,0.46367576593925075,False
2,Jorge Eduardo Sanchez,1,DEF,DF,0.4628757568867246,False
547,Zion Suzuki,22,GK,GK,0.46281161694520034,False
718,Finn Surman,28,DEF,DF,0.4627738168214458,False
20,Mateo Chavez,1,DEF,DF,0.4627738168214458,False
829,Nestor Fernando Muslera,32,GK,GK,0.4619465003512223,False
277,Danley Jean Jacques,11,MID,MF,0.46156972594203455,False
662,Yousry Fouad Haissem Hassan,26,FWD,FW,0.4615457560778198,False
131,Nikola Vasilj,6,GK,GK,0.460693525820235,False
31,Thalente Wandile Mbatha,2,MID,MF,0.46001616515867744,False
413,Ugurcan Cakir,16,GK,GK,0.460007437984799,False
1037,Manel Farhan Ehsan Haddad,40,DEF,DF,0.4591750556189271,False
189,Breel Donald Embolo,8,FWD,FW,0.4588781284947512,False
211,Gabriel Gabriel Magalhaes,9,DEF,DF,0.45799977975360023,False
634,Leandro Trossard,25,FWD,FW,0.4579513515264009,False
357,Julio Cesar Enciso,14,FWD,FW,0.45648334137979785,False
947,Giovani Lo Celso,37,MID,MF,0.4563851480807802,False
742,Aymeric Laporte,29,DEF,DF,0.4559097845283391,False
83,Vladimír Coufal,4,DEF,DF,0.45583455417256374,False
653,Hany Gamal Mohamed Hany,26,DEF,DF,0.45578629018176897,False
248,Issa Laye Lucas Jean Diop,10,DEF,DF,0.455522379639071,False
767,CABRALSidny Sidny Lopes,30,DEF,DF,0.4547521797036515,False
745,Nicholas Williams,29,FWD,FW,0.4542005437781151,False
652,Ahmed Ibrahim Yasser,26,DEF,DF,0.4535623792767611,False
539,Brian Ebenezer Adjei Brobbey,21,FWD,FW,0.45327244912039594,False
735,Ferran Torres,29,FWD,FW,0.45308920293074567,False
114,Jonathan Christian David,5,FWD,FW,0.45305609203922426,False
102,Alexandr Sojka,4,MID,MF,0.452225026481641,False
257,Bilal El Khannouss,10,MID,MF,0.4512361259354988,False
250,Gessime Ben Youssef Mustapha Yassine,10,MID,MF,0.45052323253245946,False
1155,Marcus Rashford,45,FWD,FW,0.44820320286414067,False
996,David Alaba,39,DEF,DF,0.44804710170047907,False
711,Christopher Grant Wood,28,FWD,FW,0.4474128477934838,False
1024,Mohammad Mousa Mousa Altamari,40,FWD,FW,0.44668818526113674,False
193,Dan Ndoye,8,FWD,FW,0.44639802328209377,False
879,Habib Mbacke Diarra,34,MID,MF,0.44634390878618424,False
961,Facundo Axel Medina,37,DEF,DF,0.4457979396179485,False
9,Raúl Alonso Jimenez,1,FWD,FW,0.44575867244396555,False
531,Cody Mathès Gakpo,21,FWD,FW,0.4435548036466295,False
53,Seunggyu Kim,3,GK,GK,0.44351959861121615,False
579,Lucas Erik Holger Bergvall,23,MID,MF,0.4423579817579553,False
958,Lautaro Javier Martinez,37,FWD,FW,0.4421090120573152,False
564,Ayase Ueda,22,FWD,FW,0.441889492800513,False
985,Luca Zinedine Zidane,38,GK,GK,0.4415050883639407,False
849,William Alain André Gabriel Saliba,33,DEF,DF,0.4406077254817979,False
1150,Keaninkin Marc-Isreal Guehi,45,DEF,DF,0.4406077254817979,False
187,Manuel Obafemi Akanji,8,DEF,DF,0.4406077254817979,False
252,Chadi Riad,10,DEF,DF,0.4406077254817979,False
521,Bart Verbruggen,21,GK,GK,0.4398459707849286,False
1063,Vitor Vitinha,41,MID,MF,0.4394792169131624,False
951,Nicolas Ivan Gonzalez,37,MID,MF,0.4394643274886425,False
641,Charles Marc De Ketelaere,25,FWD,FW,0.43937594240332406,False
217,Matheus Matheus Cunha,9,FWD,FW,0.4380045744785275,False
155,Jovo Lukic,6,FWD,FW,0.4369241665661415,False
930,Antonio Eromonsele Nordby Nusa,36,FWD,FW,0.4367499061780116,False
326,Sebastian Matthew Berhalter,13,MID,MF,0.4363065562720909,False
945,Julián Alvarez,37,FWD,FW,0.43578453992390775,False
713,Elijah Henry Just,28,MID,MF,0.4355163197048066,False
1092,Arthur Fuka Masuaku,42,DEF,DF,0.43515547040020996,False
635,Jeremy Baffour Doku,25,FWD,FW,0.43424794831351987,False
528,Ryan Jiro Gravenberch,21,MID,MF,0.4341724111690878,False
79,Mat ě j Kovar,4,GK,GK,0.432334403857781,False
995,Marko Arnautovic,39,FWD,FW,0.4321521353526209,False
1058,Pedro Pedro Neto,41,FWD,FW,0.42978311738213687,False
1002,Saša Kalajdzic,39,FWD,FW,0.429586408920885,False
135,Sead Kolasinac,6,DEF,DF,0.4294597133603818,False
1067,Lionel Nzau Mpasi,42,GK,GK,0.4292405531127328,False
1132,Gustavo Adolfo Puerta,44,DEF,DF,0.42875314534875086,False
314,Sergiño Gianni Dest,13,DEF,DF,0.42806578503149784,False
915,David Møller Moller Wolfe,36,DEF,DF,0.42806578503149784,False
439,Felix Kalu Nmecha,17,MID,MF,0.4265834354687506,False
877,Moussa Niakhate,34,DEF,DF,0.42653400682245046,False
639,Thomas Andre Meunier,25,DEF,DF,0.42600600567190927,False
1184,Ivan Perisic,46,FWD,FW,0.4249579175402318,False
589,Viktor Einar Gyokeres,23,FWD,FW,0.4249579175402318,False
143,Ivan Basic,6,MID,MF,0.42423997988424034,False
1244,Orlando Mosquera,48,GK,GK,0.42313247700701523,False
113,Cyle Christopher Larin,5,FWD,FW,0.42280910826044943,False
999,Michael Gregoritsch,39,FWD,FW,0.42239718609672927,False
607,Hazem Mastouri,24,FWD,FW,0.4221362176908499,False
1047,Ronaldo Cristiano Ronaldo,41,FWD,FW,0.42121086068480923,False
780,Sandro Helio Varela,30,MID,MF,0.42094115698912143,False
164,Junior Edmilson,7,FWD,FW,0.42087947998018554,False
479,Yan Diomande,19,FWD,FW,0.42087696710480804,False
319,Giovanni Alejandro Reyna,13,MID,MF,0.4208453995295399,False
423,Kai Lukas Havertz,17,FWD,FW,0.42040249010320835,False
1086,Yoane Wissa,42,FWD,FW,0.42024326562113246,False
868,Sadio Mane,34,FWD,FW,0.4202390764795546,False
929,Thelonious Gerard Aasgaard,36,MID,MF,0.41910157988286845,False
213,Henrique,9,MID,MF,0.41619063985699006,False
388,Paul Michael Junior Okon-Engstler,15,MID,MF,0.41533068084421043,False
1129,Jhon Adolfo Arias,44,MID,MF,0.4152933203105225,False
487,Nicolas Pepe,19,FWD,FW,0.41454883740660453,False
361,Matias Galarza,14,MID,MF,0.41358372820145717,False
58,Inbeom Hwang,3,MID,MF,0.41326219256386454,False
483,Amad Diallo,19,FWD,FW,0.41312949164282875,False
1098,Akmal Mozgovoy,43,MID,MF,0.410057284170785,False
322,Christian Mate Pulisic,13,FWD,FW,0.41002918297268376,False
869,Nicolas Jackson,34,FWD,FW,0.40996368188319454,False
570,Kaishu Sano,22,MID,MF,0.4092163630568585,False
1187,Petar Sucic,46,MID,MF,0.4076500064118448,False
234,Vitor Rayan,9,FWD,FW,0.40741122200363705,False
513,Gonzalo Jordy Plata,20,FWD,FW,0.40635675273739125,False
658,Ashour Metwaly Emam,26,MID,MF,0.40621412506530763,False
583,Anthony David Junior Elanga,23,FWD,FW,0.4055582909146286,False
228,Lucas Lucas Paqueta,9,MID,MF,0.4041812684428141,False
992,Xaver Schlager,39,MID,MF,0.40418080690900676,False
1049,RAMOSGonçalo Goncalo,41,FWD,FW,0.4033907074009268,False
1143,Luis Javier Suarez,44,FWD,FW,0.4026712824778335,False
561,Daichi Kamada,22,MID,MF,0.40259159965959546,False
590,Yasin Ayari,23,MID,MF,0.401338958575204,False
1196,Petar Musa,46,FWD,FW,0.4004768599856636,False
70,Hyeongyu Oh,3,FWD,FW,0.4000319530743104,False
878,Ibrahim Mbaye,34,FWD,FW,0.39965275933460936,False
349,Mauricio Mauricio,14,MID,MF,0.3992290091758874,False
241,Chemsdine Talbi,10,MID,MF,0.39892416462536223,False
657,Ahmed Ibrahim Trezeguet,26,FWD,FW,0.3979375622394612,False
230,MARTINELLIGabriel Gabriel,9,FWD,FW,0.3970842567780327,False
814,Federico Santiago Valverde,32,MID,MF,0.3968234668368201,False
632,Youri Marion Tielemans,25,MID,MF,0.3958482228258477,False
902,Hussein Ghadhban Aymen,35,FWD,FW,0.39552444301207523,False
38,Thapelo Maseko,2,FWD,FW,0.3932430411469344,False
866,Lamine Camara,34,MID,MF,0.3930338783551716,False
1181,Ante Budimir,46,FWD,FW,0.392150687891369,False
278,Wilson Isidor,11,FWD,FW,0.3917184256177608,False
1075,Kibambe Brian Cipenga,42,FWD,FW,0.39150848576650427,False
971,Amine Ferid Gouiri,38,FWD,FW,0.3912346567650285,False
994,Nicolas Seiwald,39,MID,MF,0.39057489052700683,False
1180,Luka Modric,46,MID,MF,0.3900916551622215,False
19,Gilberto Rafael Mora,1,MID,MF,0.3892126262139463,False
320,Mc,13,MID,MF,0.3892126262139463,False
1134,Jefferson Andrés Lerma,44,MID,MF,0.3892126262139463,False
240,Ayyoub Bouaddi,10,MID,MF,0.3892126262139463,False
744,Rodrigo Rodri,29,MID,MF,0.3892126262139463,False
838,Emmanuel Boris Kone,33,MID,MF,0.3892126262139463,False
918,Sander Gard Bolin Berge,36,MID,MF,0.3892126262139463,False
1161,Morgan Elliot Rogers,45,MID,MF,0.3891753191540244,False
852,Désiré Nonka-Maho Doue,33,FWD,FW,0.3889038379865019,False
71,Kangin Lee,3,MID,MF,0.3888612639657668,False
1022,Mahmoud Ali Noor Alrawabdeh,40,MID,MF,0.3888612639657668,False
608,Hannibal Mejbri,24,MID,MF,0.3888612639657668,False
514,Nilson David Angulo,20,FWD,FW,0.38867159865919965,False
1048,Miguel Bruno,41,MID,MF,0.38866766713909,False
242,Azz-Eddine Ounahi,10,MID,MF,0.3878738596972417,False
149,Kerim Alajbegovic,6,FWD,FW,0.38750707886251884,False
943,Rodrigo Javier De Paul,37,MID,MF,0.3874827268234889,False
671,Saber Abdelmohsen Mahmoud,26,MID,MF,0.38734080694537004,False
381,Nestory Irankunda,15,FWD,FW,0.38687110363250893,False
647,Nicolas Thierry Raskin,25,MID,MF,0.38665509224851463,False
1106,Eldor Shomurodov,43,FWD,FW,0.38636724926134264,False
1023,Iyad Ali Ali Olwan,40,FWD,FW,0.38636724926134264,False
398,Arda Guler,16,FWD,FW,0.38636724926134264,False
509,Pedro Jeampierre Vite,20,MID,MF,0.38591002135340247,False
517,Moisés Isaac Caicedo,20,MID,MF,0.38591002135340247,False
1207,Antoine Serlom Semenyo,47,MID,MF,0.38591002135340247,False
846,Adrien Thibault Marie Rabiot,33,MID,MF,0.38591002135340247,False
140,Ermedin Demirovic,6,FWD,FW,0.3855201801468662,False
503,John Yeboah,20,FWD,FW,0.3855201801468662,False
507,Enner Remberto Valencia,20,FWD,FW,0.3855201801468662,False
1205,Jordan Pierre Ayew,47,FWD,FW,0.3855201801468662,False
917,Alexander Sorloth,36,FWD,FW,0.3855201801468662,False
774,Isaac Ryan,30,FWD,FW,0.3855201801468662,False
121,Tajon Trevor Buchanan,5,FWD,FW,0.3855201801468662,False
913,Kristoffer Vassbakk Köpp Ajer,36,DEF,DF,0.3801322734036448,False
1169,Tehuti Djed-Hotep Spence,45,DEF,DF,0.3801322734036448,False
237,Noussair Mazraoui,10,DEF,DF,0.3801322734036448,False
23,Jesús Daniel Gallardo,1,DEF,DF,0.3801322734036448,False
1121,Jhon Janer Lucumi,44,DEF,DF,0.3801322734036448,False
342,Juan Jose Caceres,14,DEF,DF,0.3801322734036448,False
858,Maxence Guy Lacroix,33,DEF,DF,0.3801322734036448,False
750,Pau Cubarsi,29,DEF,DF,0.3801322734036448,False
106,Alistair William Johnston,5,DEF,DF,0.3801322734036448,False
212,MARQUINHOSMarcos,9,DEF,DF,0.3801322734036448,False
927,Torbjørn Lysaker Heggem,36,DEF,DF,0.3801322734036448,False
1147,Nico Oreilly,45,DEF,DF,0.3801322734036448,False
962,Nahuel Molina,37,DEF,DF,0.3801322734036448,False
396,Orkun Kokcu,16,MID,MF,0.37874901589976234,False
1006,Romano Schmid,39,MID,MF,0.37695899589307086,False
631,Kevin De Bruyne,25,MID,MF,0.37234904225078375,False
734,Mikel Merino,29,MID,MF,0.3717334205406121,False
1186,Martin Baturina,46,MID,MF,0.3705363765210659,False
435,Leroy Aziz Sane,17,MID,MF,0.3700332357670061,False
997,Marcel Sabitzer,39,MID,MF,0.36984430912340094,False
96,Michal Sadilek,4,MID,MF,0.36946941072720785,False
476,Franck Yannick Kessie,19,MID,MF,0.36896267506718317,False
760,Lenini Kevin Pina,30,MID,MF,0.36896267506718317,False
1183,Nikola Vlasic,46,MID,MF,0.3685765733358793,False
1055,Pedro Joao Neves,41,MID,MF,0.3678470199233055,False
111,Stephen Eustaquio,5,MID,MF,0.3674161243575448,False
820,Agustin Canobbio,32,MID,MF,0.3636720045401938,False
560,Junya Ito,22,MID,MF,0.36359692999719934,False
644,Hans Vanaken,25,MID,MF,0.3633510084931045,False
1114,Abbosbek Fayzullaev,43,MID,MF,0.362253924479941,False
450,Livano Shyron Liomar Comenencia,18,MID,MF,0.35899731133473317,False
768,Deroy Deroy Duarte,30,MID,MF,0.35821800998565856,False
141,Edin Dzeko,6,FWD,FW,0.35737165470867016,False
477,Ange-Yoan Laurent Bonny,19,FWD,FW,0.35737165470867016,False
538,Donyell Malen,21,FWD,FW,0.35737165470867016,False
167,Hassan Akram,7,FWD,FW,0.35737165470867016,False
22,Guillermo Martinez,1,FWD,FW,0.35737165470867016,False
936,Julian Ryerson,36,FWD,FW,0.35737165470867016,False
954,Nicolas Paz,37,FWD,FW,0.35737165470867016,False
11,Santiago Tomás Gimenez,1,FWD,FW,0.35737165470867016,False
1164,Azuka Tristan Madueke,45,FWD,FW,0.35737165470867016,False
33,Oswin Reagan Appollis,2,FWD,FW,0.35737165470867016,False
952,Thiago Ezequiel Almada,37,FWD,FW,0.35737165470867016,False
790,Mohammed Salem Aldawsari,31,FWD,FW,0.35737165470867016,False
275,Ruben Fritzner Providence,11,FWD,FW,0.35737165470867016,False
672,Mohamed Abdelsalam Omar,26,FWD,FW,0.35737165470867016,False
685,Mehdi Taremi,27,FWD,FW,0.35737165470867016,False
451,Jürgen Leonardo Locadia,18,FWD,FW,0.35737165470867016,False
1083,Cedric Bakambu,42,FWD,FW,0.35737165470867016,False
684,Mohammad Mohebbi,27,MID,MF,0.35643643745791753,False
557,Daizen Maeda,22,MID,MF,0.35643643745791753,False
646,Alexis Jesse Saelemaekers,25,MID,MF,0.3555432291368965,False
1035,Mahmoud Ahmed Nizar Alrashdan,40,MID,MF,0.3555432291368965,False
1033,Ahmad Salameh Saed,40,DEF,DF,0.35526381590584527,False
1117,Avazbek Ulmasaliyev,43,DEF,DF,0.35526381590584527,False
890,Younus Hashim Munaf Younus,35,DEF,DF,0.35526381590584527,False
899,Hasan Maknazi Ahmed Maknazi,35,DEF,DF,0.35526381590584527,False
1031,Amer Saleem Saleem,40,DEF,DF,0.35526381590584527,False
1188,Kristijan Jakic,46,DEF,DF,0.35526381590584527,False
1107,Umarbek Eshmurodov,43,DEF,DF,0.35526381590584527,False
66,Wije Cho,3,DEF,DF,0.35526381590584527,False
80,David Zima,4,DEF,DF,0.35526381590584527,False
75,Jens Castrop,3,DEF,DF,0.35526381590584527,False
68,Jinseob Park,3,DEF,DF,0.35526381590584527,False
909,Saadoon Abbood Mustafa,35,DEF,DF,0.35526381590584527,False
92,David Jurasek,4,DEF,DF,0.35526381590584527,False
184,Miro Max Maria Muheim,8,DEF,DF,0.35526381590584527,False
181,Alhussein Alhashmi,7,DEF,DF,0.35526381590584527,False
109,Joel Robert Waterman,5,DEF,DF,0.35526381590584527,False
50,Olwethu Mpilwenhle Makhanya,2,DEF,DF,0.35526381590584527,False
127,Niko Kristian Sigur,5,DEF,DF,0.35526381590584527,False
29,Khulumani Ndamane,2,DEF,DF,0.35526381590584527,False
132,Nihad Mujakic,6,DEF,DF,0.35526381590584527,False
759,Evans Logan Costa,30,DEF,DF,0.35526381590584527,False
1213,Abdul Rahman Rahman,47,DEF,DF,0.35526381590584527,False
330,Maximilian Michael Arfsten,13,DEF,DF,0.35526381590584527,False
726,Callan Rennie Elliot,28,DEF,DF,0.35526381590584527,False
1237,Eric Javier Davis,48,DEF,DF,0.35526381590584527,False
853,Lucas Francois Bernard Hernandez,33,DEF,DF,0.35526381590584527,False
343,Fabián Cornelio Balbuena,14,DEF,DF,0.35526381590584527,False
830,Santiago Ignacio Bueno,32,DEF,DF,0.35526381590584527,False
1202,Abdul Mumin Mumin,47,DEF,DF,0.35526381590584527,False
756,Ianique Stopira,30,DEF,DF,0.35526381590584527,False
717,Nando Zen Pijnaker,28,DEF,DF,0.35526381590584527,False
1227,Edgardo Issac Farina,48,DEF,DF,0.35526381590584527,False
253,Youssef Belammari,10,DEF,DF,0.35526381590584527,False
882,Antoine Alpha Mendy,34,DEF,DF,0.35526381590584527,False
1217,Kojo Peprah Oppong,47,DEF,DF,0.35526381590584527,False
200,Eray Ervin Coemert,8,DEF,DF,0.35526381590584527,False
310,Anthony Ralston,12,DEF,DF,0.35526381590584527,False
222,Bremer Bremer,9,DEF,DF,0.35526381590584527,False
214,Sandro Alex,9,DEF,DF,0.35526381590584527,False
1159,Daniel Johnson Burn,45,DEF,DF,0.35526381590584527,False
274,Garven-Michee Metusala,11,DEF,DF,0.35526381590584527,False
263,Keeto Thermoncy,11,DEF,DF,0.35526381590584527,False
273,Markhus Lacroix,11,DEF,DF,0.35526381590584527,False
1156,Trevoh Tom Chalobah,45,DEF,DF,0.35526381590584527,False
1247,Roderick Alonso Miller,48,DEF,DF,0.35526381590584527,False
1198,Alidu Seidu,47,DEF,DF,0.35526381590584527,False
1195,Martin Erlic,46,DEF,DF,0.35526381590584527,False
1175,Duje Caleta-Car,46,DEF,DF,0.35526381590584527,False
1054,Gonçalo Goncalo Inacio,41,DEF,DF,0.35526381590584527,False
1064,Samuel Samu Costa,41,DEF,DF,0.35526381590584527,False
860,Mamadou Sarr,34,DEF,DF,0.35526381590584527,False
934,Sondre Klingen Langas,36,DEF,DF,0.35526381590584527,False
810,Ronald Federico Araujo,32,DEF,DF,0.35526381590584527,False
808,José María Gimenez,32,DEF,DF,0.35526381590584527,False
284,Wilguens Raphael Polynice Paugain,11,DEF,DF,0.35526381590584527,False
159,Michel Lucas,7,DEF,DF,0.35526381590584527,False
239,Marwane Saadane,10,DEF,DF,0.35526381590584527,False
223,PEREIRALeonardo Leo,9,DEF,DF,0.35526381590584527,False
301,John Francis Souttar,12,DEF,DF,0.35526381590584527,False
394,Ça ğ lar Soyuncu,16,DEF,DF,0.35526381590584527,False
1016,Ali Hasan Mohammad,40,DEF,DF,0.35526381590584527,False
1013,Michael Svoboda,39,DEF,DF,0.35526381590584527,False
302,Dominic John Hyam,12,DEF,DF,0.35526381590584527,False
965,Achref Abada,38,DEF,DF,0.35526381590584527,False
730,Marc Pubill,29,DEF,DF,0.35526381590584527,False
990,David Leopold Affengruber,39,DEF,DF,0.35526381590584527,False
1136,Willer Emilio Ditta,44,DEF,DF,0.35526381590584527,False
779,PIRESKelvin Kelvin,30,DEF,DF,0.35526381590584527,False
782,Hassan Ali Majrashi,31,DEF,DF,0.35526381590584527,False
674,Abdelghaffar Abdel Tarek Alaa,26,DEF,DF,0.35526381590584527,False
988,Samir Sophian Chergui,38,DEF,DF,0.35526381590584527,False
794,Kadish Hassan,31,DEF,DF,0.35526381590584527,False
805,Abdullatif Jehad Thikri,31,DEF,DF,0.35526381590584527,False
1011,Marco Friedl,39,DEF,DF,0.35526381590584527,False
370,Jason Kato Geria,15,DEF,DF,0.35526381590584527,False
366,Milos Degenek,15,DEF,DF,0.35526381590584527,False
419,Waldemar Anton,17,DEF,DF,0.35526381590584527,False
408,Mert Muldur,16,DEF,DF,0.35526381590584527,False
415,Samet Akaydin,16,DEF,DF,0.35526381590584527,False
44,Samukele Alucious Kabini,2,DEF,DF,0.35526381590584527,False
28,Tholo Thabang Matuludi,2,DEF,DF,0.35526381590584527,False
610,Ahmed Mortadha Ben Ouanes,24,DEF,DF,0.35526381590584527,False
603,Adam Arous,24,DEF,DF,0.35526381590584527,False
587,Carl Anders Theodor Starfelt,23,DEF,DF,0.35526381590584527,False
967,Zineddine Belaid,38,DEF,DF,0.35526381590584527,False
1071,Dylan Buduka Batubinsika,42,DEF,DF,0.35526381590584527,False
654,Abdelmegeed Abdelsalam Hossam Abdelmaguid,26,DEF,DF,0.35526381590584527,False
1090,Gédéon Tchingoma Kyatengwa Kalulu,42,DEF,DF,0.35526381590584527,False
1078,Joris Kayembe,42,DEF,DF,0.35526381590584527,False
1096,Farrukh Sayfiev,43,DEF,DF,0.35526381590584527,False
446,Róshón Felix Romar Jordan Van Eijma,18,DEF,DF,0.35526381590584527,False
728,Thomas Jefferson Smith,28,DEF,DF,0.35526381590584527,False
444,Shurandy Ruggerio Sambo,18,DEF,DF,0.35526381590584527,False
966,Mohamed Amine Tougai,38,DEF,DF,0.35526381590584527,False
578,Herman Nils Johansson,23,DEF,DF,0.35526381590584527,False
379,Kai Clifton Trewin,15,DEF,DF,0.35526381590584527,False
440,Malick Thiaw,17,DEF,DF,0.35526381590584527,False
489,Obite Evan Ndicka,19,DEF,DF,0.35526381590584527,False
701,Danial Iri,27,DEF,DF,0.35526381590584527,False
642,Joaquin Ronny Seys,25,DEF,DF,0.35526381590584527,False
705,Francis De Vries,28,DEF,DF,0.35526381590584527,False
622,Raed Chikhaoui,24,DEF,DF,0.35526381590584527,False
571,Junnosuke Suzuki,22,DEF,DF,0.35526381590584527,False
511,Ángelo Smit Preciado,20,DEF,DF,0.35526381590584527,False
496,Félix Eduardo Torres,20,DEF,DF,0.35526381590584527,False
520,Yaimar Abel Medina,20,DEF,DF,0.35526381590584527,False
586,Hjalmar Ekdal,23,DEF,DF,0.35526381590584527,False
1040,Said Ghazi Anas Badawi,40,DEF,DF,0.35526381590584527,False
519,Jackson Gabriel Porozo,20,DEF,DF,0.35526381590584527,False
522,Lutsharel Emiliano Geertruida,21,DEF,DF,0.35526381590584527,False
1042,SEMEDONélson Nelson,41,DEF,DF,0.35526381590584527,False
621,Moutaz Neffati,24,DEF,DF,0.35526381590584527,False
592,Eric Anders Smith,23,DEF,DF,0.35526381590584527,False
640,Koni De Winter,25,DEF,DF,0.35526381590584527,False
545,Jorrel Evan Hato,21,DEF,DF,0.35526381590584527,False
532,Mats Henrik Berne Wieffer,21,DEF,DF,0.35526381590584527,False
52,Bradley Paul Cross,2,DEF,DF,0.35526381590584527,False
57,Taehyeon Kim,3,DEF,DF,0.35526381590584527,False
551,Yuto Nagatomo,22,DEF,DF,0.35526381590584527,False
1199,Caleb Marfo Yirenkyi,47,MID,MF,0.35473627471184627,False
290,Mc,12,MID,MF,0.35381110757273415,False
426,Jamal Musiala,17,MID,MF,0.35377528235384265,False
372,Connor Isaac Metcalfe,15,MID,MF,0.3517255300787375,False
258,Neil Yoni El Aynaoui,10,MID,MF,0.3474525584689011,False
352,Adrián Andrés Cubas,14,MID,MF,0.3474525584689011,False
316,Tyler Shaan Adams,13,MID,MF,0.3474525584689011,False
664,Fathy Abdelhalim Hamdy Fathy,26,MID,MF,0.3474525584689011,False
1074,Samuel Alain Moutoussamy,42,MID,MF,0.3474525584689011,False
1008,Konrad Laimer,39,MID,MF,0.3474525584689011,False
515,Alan Steven Franco,20,MID,MF,0.3474525584689011,False
188,Denis Lemi Zakaria,8,MID,MF,0.3474525584689011,False
1128,James David Rodriguez,44,MID,MF,0.3474525584689011,False
850,Warren Marie Jean-Pierre Zaire-Emery,33,MID,MF,0.3474525584689011,False
984,Ibrahim Maza,38,MID,MF,0.3474525584689011,False
856,Mathis Rayan Cherki,33,MID,MF,0.3474525584689011,False
924,Fredrik Aursnes,36,MID,MF,0.3474525584689011,False
972,Fares Chaibi,38,MID,MF,0.3474525584689011,False
190,Remo Marco Freuler,8,MID,MF,0.3474525584689011,False
863,Idrissa Gana Gueye,34,MID,MF,0.3474525584689011,False
377,Aiden Connor Oneill,15,MID,MF,0.3474525584689011,False
541,Frenkie De Jong,21,MID,MF,0.3474525584689011,False
556,Ritsu Doan,22,MID,MF,0.3474525584689011,False
421,Aleksandar Pavlovic,17,MID,MF,0.3474525584689011,False
117,Derek Austin Cornelius,5,DEF,DF,0.3437132578168396,False
126,Richmond Mamah Laryea,5,DEF,DF,0.3437132578168396,False
40,Mbekezeli Mfanufikile Mbokazi,2,DEF,DF,0.3437132578168396,False
47,Ime Daniel Okon,2,DEF,DF,0.3437132578168396,False
46,Khuliso Johnson Mudau,2,DEF,DF,0.3437132578168396,False
628,Brandon Erik Mechele,25,DEF,DF,0.3437132578168396,False
32,Aubrey Maphosa Modiba,2,DEF,DF,0.3437132578168396,False
577,Gabriel Johan Gudmundsson,23,DEF,DF,0.3437132578168396,False
964,Aissa Mandi,38,DEF,DF,0.3437132578168396,False
574,Gustaf Johan Lagerbielke,23,DEF,DF,0.3437132578168396,False
567,Hiroki Ito,22,DEF,DF,0.3437132578168396,False
420,Jonathan Glao Tah,17,DEF,DF,0.3437132578168396,False
1043,Rúben Ruben Dias,41,DEF,DF,0.3437132578168396,False
575,Victor Jörgen Lindelof,23,DEF,DF,0.3437132578168396,False
627,Arthur Nicolas Theate,25,DEF,DF,0.3437132578168396,False
500,Willian Joel Pacho,20,DEF,DF,0.3437132578168396,False
1088,Mangulu Chancel Mbemba,42,DEF,DF,0.3437132578168396,False
1070,Axel Tuanzebe,42,DEF,DF,0.3437132578168396,False
873,Krepin Diatta,34,DEF,DF,0.3437132578168396,False
993,Stefan Posch,39,DEF,DF,0.3437132578168396,False
1141,Davinson Sanchez,44,DEF,DF,0.3437132578168396,False
1068,Wan Wan-Bissaka,42,DEF,DF,0.3437132578168396,False
1176,Josip Sutalo,46,DEF,DF,0.3437132578168396,False
1222,Marvin Elom Senaya,47,DEF,DF,0.3437132578168396,False
221,Luiz Danilo,9,DEF,DF,0.3437132578168396,False
1168,Reece Lewis James,45,DEF,DF,0.3437132578168396,False
186,Nico Elvedi,8,DEF,DF,0.3437132578168396,False
148,Nikola Katic,6,DEF,DF,0.3437132578168396,False
353,Gustavo Raul Gomez,14,DEF,DF,0.3437132578168396,False
663,Mohamed Aboelfetouh Ahmed Fatouh,26,DEF,DF,0.3437132578168396,False
1210,Gideon Mensah,47,DEF,DF,0.3437132578168396,False
758,Carlos Pico Lopes,30,DEF,DF,0.3437132578168396,False
757,Alberto Diney,30,DEF,DF,0.3437132578168396,False
1053,Renato Renato Veiga,41,DEF,DF,0.3437132578168396,False
341,Omar Federico Alderete,14,DEF,DF,0.3437132578168396,False
983,Selmane Rami Bensebaini,38,DEF,DF,0.3437132578168396,False
481,Christopher Tea Domoraud Operi,19,DEF,DF,0.34154396689423705,False
45,Nkosinathi Emmanuel Sibisi,2,DEF,DF,0.34154396689423705,False
123,Alphonso Boyle Davies,5,DEF,DF,0.34154396689423705,False
340,Victor Gustavo Velazquez,14,DEF,DF,0.34154396689423705,False
465,Riechedly Guillermo Bazoer,18,DEF,DF,0.34154396689423705,False
1131,Yerry Fernando Mina,44,DEF,DF,0.34154396689423705,False
470,Ousmane Diomande,19,DEF,DF,0.34154396689423705,False
1122,Santiago Arias,44,DEF,DF,0.34154396689423705,False
823,Matías Nicolas Vina,32,DEF,DF,0.34154396689423705,False
405,Ozan Muhammed Kabak,16,DEF,DF,0.34154396689423705,False
292,Kieran Tierney,12,DEF,DF,0.34154396689423705,False
312,Mc,12,DEF,DF,0.34154396689423705,False
324,Miles Gordon Robinson,13,DEF,DF,0.34154396689423705,False
847,Ibrahima Konate,33,DEF,DF,0.34154396689423705,False
834,Malo Arthur Gusto,33,DEF,DF,0.34154396689423705,False
665,Hafez Ramadan Karim Hafez,26,DEF,DF,0.34154396689423705,False
706,Tyler Grant Bindon,28,DEF,DF,0.34154396689423705,False
604,Dylan Daniel Mahmoud Bronn,24,DEF,DF,0.34154396689423705,False
580,Daniel Jonathan Svensson,23,DEF,DF,0.34154396689423705,False
566,Ayumu Seko,22,DEF,DF,0.34154396689423705,False
562,Tsuyoshi Watanabe,22,DEF,DF,0.34154396689423705,False
1045,Diogo Diogo Dalot,41,DEF,DF,0.34154396689423705,False
693,Arya Yousefi,27,DEF,DF,0.34154396689423705,False
679,Ehsan Hajisafi,27,DEF,DF,0.34154396689423705,False
1095,Khojiakbar Alijonov,43,DEF,DF,0.34154396689423705,False
501,Pervis Josue Estupinan,20,DEF,DF,0.34154396689423705,False
548,Yukinari Sugawara,22,DEF,DF,0.34154396689423705,False
438,David Raum,17,DEF,DF,0.34154396689423705,False
99,David Doudera,4,DEF,DF,0.34154396689423705,False
910,Dhia Jirjis Frans,35,DEF,DF,0.34154396689423705,False
1226,Fidel Escobar,48,DEF,DF,0.34154396689423705,False
935,Henrik Sælebakke Falchener,36,DEF,DF,0.34154396689423705,False
955,Nicolas Hernan Gonzalo Otamendi,37,DEF,DF,0.34154396689423705,False
288,Aaron Buchanan Hickey,12,DEF,DF,0.34154396689423705,False
259,Redouane Halhal,10,DEF,DF,0.34154396689423705,False
806,Waheeb Mohammed Abu Alshamat,31,DEF,DF,0.34154396689423705,False
260,Anass Salah Eddine,10,DEF,DF,0.34154396689423705,False
335,Joseph Michael Scally,13,DEF,DF,0.34154396689423705,False
1118,Jakhongir Urozov,43,DEF,DF,0.34154396689423705,False
975,Jaouen Djimmy Hadjam,38,DEF,DF,0.34154396689423705,False
793,Meshari Nawaf Bu Washl,31,DEF,DF,0.34154396689423705,False
783,Mohammed Ali Lajami,31,DEF,DF,0.34154396689423705,False
1192,Luka Vuskovic,46,DEF,DF,0.34154396689423705,False
185,Silvan Dominic Widmer,8,DEF,DF,0.34154396689423705,False
67,Moonhwan Kim,3,DEF,DF,0.34154396689423705,False
174,Hussain Sultan,7,DEF,DF,0.34154396689423705,False
84,ě pán Chaloupek,4,DEF,DF,0.34154396689423705,False
98,Jaroslav Zeleny,4,DEF,DF,0.34154396689423705,False
1030,Majed Jamil Mohammad Abualnadi,40,DEF,DF,0.34154396689423705,False
154,Arjan Malic,6,DEF,DF,0.34154396689423705,False
232,IBANEZRoger Roger,9,DEF,DF,0.34154396689423705,False
1248,Jorge Abdiel Gutierrez,48,DEF,DF,0.34154396689423705,False
678,Saleh Hardani,27,DEF,DF,0.34154396689423705,False
107,Alfie Charles Jones,5,DEF,DF,0.34154396689423705,False
1166,Ivan Benjamin Elijah Toney,45,FWD,FW,0.3413573312533351,False
1066,Francisco Francisco Conceicao,41,FWD,FW,0.3413573312533351,False
1027,Nayef Ahmad Mahmoud Almardi,40,FWD,FW,0.3413573312533351,False
409,Yunus Akgun,16,FWD,FW,0.3413573312533351,False
1038,Ahmad Ali Ali Azaizeh,40,FWD,FW,0.3413573312533351,False
973,Anis Hadj Moussa,38,FWD,FW,0.3413573312533351,False
1194,Marco Pasalic,46,FWD,FW,0.3413573312533351,False
371,Mathew Allan Leckie,15,FWD,FW,0.3413573312533351,False
356,Alex Adrian Arce,14,FWD,FW,0.3413573312533351,False
347,Arnaldo Antonio Sanabria,14,FWD,FW,0.3413573312533351,False
387,Nishan Matthew Velupillay,15,FWD,FW,0.3413573312533351,False
454,Juniffer Naigelino Hansen,18,FWD,FW,0.3413573312533351,False
333,Timothy Tarpeh Weah,13,FWD,FW,0.3413573312533351,False
1239,Jose Fajardo,48,FWD,FW,0.3413573312533351,False
1240,Cecilio Alfonso Waterman,48,FWD,FW,0.3413573312533351,False
480,Elye Delmas Wahi,19,FWD,FW,0.3413573312533351,False
492,Bazoumana Toure,19,FWD,FW,0.3413573312533351,False
1231,Tomas Abdiel Rodriguez,48,FWD,FW,0.3413573312533351,False
414,Oguz Aydin,16,FWD,FW,0.3413573312533351,False
233,Thiago Igor Thiago,9,FWD,FW,0.3413573312533351,False
323,Brenden Russell Aaronson,13,FWD,FW,0.3413573312533351,False
763,BENCHIMOLGilson Gilson,30,FWD,FW,0.3413573312533351,False
659,Mohamed Abdelkarim Hamza,26,FWD,FW,0.3413573312533351,False
35,Lyle Brent Foster,2,FWD,FW,0.3413573312533351,False
921,Jørgen Strand Strand Larsen,36,FWD,FW,0.3413573312533351,False
800,Ahmed Sultan Mandash,31,FWD,FW,0.3413573312533351,False
696,Shahriyar Moghanloo,27,FWD,FW,0.3413573312533351,False
276,Lenny Alvin Pico Joseph,11,FWD,FW,0.3413573312533351,False
104,Denis Visinsky,4,FWD,FW,0.3413573312533351,False
254,Ayoub El Kaabi,10,FWD,FW,0.3413573312533351,False
271,Don Deedson Deedson,11,FWD,FW,0.3413573312533351,False
407,Can İrfan Kahveci,16,FWD,FW,0.3413573312533351,False
491,Alban-Marc Lafont,19,GK,GK,0.34035932796423624,False
516,Gonzalo Roberto Valle,20,GK,GK,0.34035932796423624,False
506,Wellington Moisés Ramirez,20,GK,GK,0.34035932796423624,False
272,Alexandre Jr Pierre,11,GK,GK,0.34035932796423624,False
283,Josue Duverger,11,GK,GK,0.34035932796423624,False
484,Mohamed Kone,19,GK,GK,0.34035932796423624,False
468,Trevor Irving Doornbusch,18,GK,GK,0.34035932796423624,False
467,Tyrick Jeremy Bodak,18,GK,GK,0.34035932796423624,False
437,Alexander Nuebel,17,GK,GK,0.34035932796423624,False
698,Seyedhossein Hosseini,27,GK,GK,0.34035932796423624,False
688,Seyedpayam Niazmand,27,GK,GK,0.34035932796423624,False
676,Alaaeldin Soliman Mohamed Alaa,26,GK,GK,0.34035932796423624,False
666,Mohamed Soliman Mahdy Soliman,26,GK,GK,0.34035932796423624,False
620,Sabri Ben Hessen,24,GK,GK,0.34035932796423624,False
584,Tobias Viktor Johansson,23,GK,GK,0.34035932796423624,False
818,Santiago Andres Mele,32,GK,GK,0.34035932796423624,False
802,Ali Ahmed,31,GK,GK,0.34035932796423624,False
246,Monir El Kajoui,10,GK,GK,0.34035932796423624,False
256,Ahmed Reda Tagnaouti,10,GK,GK,0.34035932796423624,False
777,Joaquim Cj Dos Santos,30,GK,GK,0.34035932796423624,False
781,Dhahi Nawaf Alaqidi,31,GK,GK,0.34035932796423624,False
1193,Dominik Kotarski,46,GK,GK,0.34035932796423624,False
1182,Ivor Pandur,46,GK,GK,0.34035932796423624,False
1167,James Harrington Trafford,45,GK,GK,0.34035932796423624,False
1142,Álvaro David Montero,44,GK,GK,0.34035932796423624,False
741,Joan Garcia,29,GK,GK,0.34035932796423624,False
766,Salomão Marcio,30,GK,GK,0.34035932796423624,False
360,Gastón Hernán Olveira,14,GK,GK,0.34035932796423624,False
376,Paul David Izzo,15,GK,GK,0.34035932796423624,False
558,Keisuke Osako,22,GK,GK,0.34035932796423624,False
569,Tomoki Hayakawa,22,GK,GK,0.34035932796423624,False
298,Liam Patrick Kelly,12,GK,GK,0.34035932796423624,False
307,Craig Sinclair Gordon,12,GK,GK,0.34035932796423624,False
636,Senne Lammens,25,GK,GK,0.34035932796423624,False
637,Mike Louis Penders,25,GK,GK,0.34035932796423624,False
533,Robin Gerardus Petrus Roefs,21,GK,GK,0.34035932796423624,False
543,Mark Maria Hubertus Flekken,21,GK,GK,0.34035932796423624,False
948,Geronimo Rulli,37,GK,GK,0.34035932796423624,False
963,Melvin Feycal Mastil,38,GK,GK,0.34035932796423624,False
724,Michael Cornelis Woud,28,GK,GK,0.34035932796423624,False
714,Alexander Noah Paulsen,28,GK,GK,0.34035932796423624,False
337,Christopher Keith Brady,13,GK,GK,0.34035932796423624,False
339,Roberto Junior Fernandez,14,GK,GK,0.34035932796423624,False
402,Altay Bayindir,16,GK,GK,0.34035932796423624,False
391,Fehmi Mert Gunok,16,GK,GK,0.34035932796423624,False
1208,Joseph Tetteh Anang,47,GK,GK,0.34035932796423624,False
220,Weverton Weverton,9,GK,GK,0.34035932796423624,False
231,Ederson Ederson,9,GK,GK,0.34035932796423624,False
12,Carlos Acevedo,1,GK,GK,0.34035932796423624,False
177,Zakaria Salah Zakaria,7,GK,GK,0.34035932796423624,False
178,Aissa Meshaal Barsham,7,GK,GK,0.34035932796423624,False
194,Yvon Landry Mvogo,8,GK,GK,0.34035932796423624,False
203,Marvin Keller,8,GK,GK,0.34035932796423624,False
428,Oliver Baumann,17,GK,GK,0.34035932796423624,False
922,Sander Tangvik,36,GK,GK,0.34035932796423624,False
885,Talib Raheem Fahad Talib,35,GK,GK,0.34035932796423624,False
1082,Timothy Bruce Munzoko Fayulu,42,GK,GK,0.34035932796423624,False
1087,Matthieu Luka Epolo,42,GK,GK,0.34035932796423624,False
1108,Botirali Ergashev,43,GK,GK,0.34035932796423624,False
855,Robin François Philippe Risser,33,GK,GK,0.34035932796423624,False
859,Yehvann Djibril Victor Diouf,34,GK,GK,0.34035932796423624,False
48,Stuart Ricardo Goss,2,GK,GK,0.34035932796423624,False
42,Sipho Justin Chaine,2,GK,GK,0.34035932796423624,False
64,Bumkeun Song,3,GK,GK,0.34035932796423624,False
73,Hyeonwoo Jo,3,GK,GK,0.34035932796423624,False
1223,Luis Ricardo Mejia,48,GK,GK,0.34035932796423624,False
1234,Cesar Jair Samudio,48,GK,GK,0.34035932796423624,False
94,Jind ř ich Stanek,4,GK,GK,0.34035932796423624,False
101,Lukáš Hornicek,4,GK,GK,0.34035932796423624,False
1001,Patrick Pentz,39,GK,GK,0.34035932796423624,False
1000,Florian Wiegele,39,GK,GK,0.34035932796423624,False
1052,Pedro Jose Sa,41,GK,GK,0.34035932796423624,False
1026,Zaid Khaleel Nour Baniateyah,40,GK,GK,0.34035932796423624,False
1062,Tiago Rui Silva,41,GK,GK,0.34035932796423624,False
122,Owen Olamidayo Goodman,5,GK,GK,0.34035932796423624,False
142,Mladen Jurkas,6,GK,GK,0.34035932796423624,False
152,Martin Zlomislic,6,GK,GK,0.34035932796423624,False
1218,Kamal Deen Sulemana,47,FWD,FW,0.33987774383681724,False
1127,Jhon Andrés Cordoba,44,FWD,FW,0.33987774383681724,False
1215,Inaki Williams,47,FWD,FW,0.33987774383681724,False
411,Barı ş Alper Yilmaz,16,FWD,FW,0.33987774383681724,False
401,Kenan Yildiz,16,FWD,FW,0.33987774383681724,False
773,Dailon Dailon Livramento,30,FWD,FW,0.33987774383681724,False
397,Muhammed Kerem Akturkoglu,16,FWD,FW,0.33987774383681724,False
827,Federico Sebastian Vinas,32,FWD,FW,0.33987774383681724,False
650,Matias Fernandez-Pardo,25,FWD,FW,0.33987774383681724,False
815,Darwin Gabriel Nunez,32,FWD,FW,0.33987774383681724,False
893,Ibrahim Karim Ali Alhamadi,35,FWD,FW,0.33987774383681724,False
895,Ihab Ahmed Ahmed,35,FWD,FW,0.33987774383681724,False
901,Jasim Elaibi Ali Jasim,35,FWD,FW,0.33987774383681724,False
953,Giuliano Simeone,37,FWD,FW,0.33987774383681724,False
1051,João Joao Felix,41,FWD,FW,0.33987774383681724,False
606,Elias Saad,24,FWD,FW,0.33987774383681724,False
124,Ali Ahmed,5,FWD,FW,0.33987774383681724,False
150,Esmir Bajraktarevic,6,FWD,FW,0.33987774383681724,False
171,Abdurisag Yusuf Abdurisag,7,FWD,FW,0.33987774383681724,False
116,Tanitoluwa Oluwatimilehin Oluwaseyi,5,FWD,FW,0.33987774383681724,False
303,Ben Gannon Gannon-Doak,12,FWD,FW,0.33987774383681724,False
321,Ricardo Daniel Pepi,13,FWD,FW,0.33987774383681724,False
306,Lawrence Shankland,12,FWD,FW,0.33987774383681724,False
384,Cristian Volpato,15,FWD,FW,0.33987774383681724,False
87,Adam Hlozek,4,FWD,FW,0.33987774383681724,False
43,Sekotori Evidence Makgopa,2,FWD,FW,0.33987774383681724,False
41,Iqraam Rayners,2,FWD,FW,0.33987774383681724,False
36,Relebohile Mofokeng,2,FWD,FW,0.33987774383681724,False
59,Heung Min Son,3,FWD,FW,0.33987774383681724,False
93,Pavel Sulc,4,FWD,FW,0.33987774383681724,False
88,Patrik Schick,4,FWD,FW,0.33987774383681724,False
201,Noah Arinzechukwu Okafor,8,FWD,FW,0.33987774383681724,False
373,Mohamed Toure,15,FWD,FW,0.33987774383681724,False
255,Ayoube Amaimouni,10,FWD,FW,0.33987774383681724,False
219,Raphael Raphinha,9,FWD,FW,0.33987774383681724,False
296,Che Sac Everton Fred Adams,12,FWD,FW,0.33987774383681724,False
281,Josue Jeremie Casimir,11,FWD,FW,0.33987774383681724,False
359,Gabriel Avalos,14,FWD,FW,0.33987774383681724,False
363,Isidro Miguel Pitta,14,FWD,FW,0.33987774383681724,False
775,Miguel Nuno Da Costa,30,MID,MF,0.3330992817569113,False
772,Emanuel Telmo,30,MID,MF,0.3330992817569113,False
771,Johnson Willy,30,MID,MF,0.3330992817569113,False
765,RODRIGUESGarry Garry,30,MID,MF,0.3330992817569113,False
864,Ismaila Pathe Ciss,34,MID,MF,0.3330992817569113,False
762,Paulo Joao Paulo,30,MID,MF,0.3330992817569113,False
737,Pablo Gavi,29,MID,MF,0.3330992817569113,False
697,Mohammad Ghorbani,27,MID,MF,0.3330992817569113,False
1111,Azizjon Ganiev,43,MID,MF,0.3330992817569113,False
1124,Richard Rios,44,MID,MF,0.3330992817569113,False
1133,Juan Camilo Portilla,44,MID,MF,0.3330992817569113,False
1046,Luiz Matheus,41,MID,MF,0.3330992817569113,False
1050,Bernardo Bernardo Silva,41,MID,MF,0.3330992817569113,False
668,Aly Elmahdy Nabil,26,MID,MF,0.3330992817569113,False
725,Ryan Jared Thomas,28,MID,MF,0.3330992817569113,False
1109,Dostonbek Khamdamov,43,MID,MF,0.3330992817569113,False
1103,Oston Urunov,43,MID,MF,0.3330992817569113,False
1101,Odiljon Xamrobekov,43,MID,MF,0.3330992817569113,False
100,Tomáš Soucek,4,MID,MF,0.3330992817569113,False
395,Salih Ozcan,16,MID,MF,0.3330992817569113,False
362,Gustavo Ruben Caballero,14,MID,MF,0.3330992817569113,False
1185,Mario Pasalic,46,MID,MF,0.3330992817569113,False
297,Ryan Christie,12,MID,MF,0.3330992817569113,False
309,Mc,12,MID,MF,0.3330992817569113,False
176,Fathy Ahmed Fathy,7,MID,MF,0.3330992817569113,False
508,Alan Steve Minda,20,MID,MF,0.3330992817569113,False
499,Jordy Jose Alcivar,20,MID,MF,0.3330992817569113,False
474,Seko Mohamed Fofana,19,MID,MF,0.3330992817569113,False
345,Ramón Sosa,14,MID,MF,0.3330992817569113,False
238,Sofyan Amrabat,10,MID,MF,0.3330992817569113,False
204,Fabian Rieder,8,MID,MF,0.3330992817569113,False
118,Jacob Everett Shaffelburg,5,MID,MF,0.3330992817569113,False
86,Vladimír Darida,4,MID,MF,0.3330992817569113,False
95,Lukáš Provod,4,MID,MF,0.3330992817569113,False
609,Ismael Seifallah Gharbi,24,MID,MF,0.3330992817569113,False
63,Hee Chan Hwang,3,MID,MF,0.3330992817569113,False
110,Mathieu Choiniere,5,MID,MF,0.3330992817569113,False
138,Armin Gigovic,6,MID,MF,0.3330992817569113,False
624,Sebastian Tounekti,24,MID,MF,0.3330992817569113,False
872,Ismail Joshua Jakobs,34,DEF,DF,0.33273001458910356,False
888,Tahseen Abd Zaid Zaid,35,DEF,DF,0.33273001458910356,False
887,Haydar Hussein Hussein,35,DEF,DF,0.33273001458910356,False
883,El Hadji Malick Diouf,34,DEF,DF,0.33273001458910356,False
835,Lucas Digne,33,DEF,DF,0.33273001458910356,False
940,Gonzalo Ariel Montiel,37,DEF,DF,0.33273001458910356,False
861,Kalidou Koulibaly,34,DEF,DF,0.33273001458910356,False
689,Mohammadhossein Kanani,27,DEF,DF,0.33273001458910356,False
804,Saad Moteb Alharbi,31,DEF,DF,0.33273001458910356,False
525,Nathan Benjamin Ake,21,DEF,DF,0.33273001458910356,False
681,Milad Mohammadi,27,DEF,DF,0.33273001458910356,False
549,Shogo Taniguchi,22,DEF,DF,0.33273001458910356,False
1069,Steve Nkanu Kapuadi,42,DEF,DF,0.33273001458910356,False
1018,Ali Mohammad Husam Abudahab,40,DEF,DF,0.33273001458910356,False
991,Kevin Danso,39,DEF,DF,0.33273001458910356,False
1044,Tomás Tomas Araujo,41,DEF,DF,0.33273001458910356,False
1149,John Stones,45,DEF,DF,0.33273001458910356,False
1110,Abdulla Abdullaev,43,DEF,DF,0.33273001458910356,False
1116,Behruzjon Karimov,43,DEF,DF,0.33273001458910356,False
925,Fredrik André Bjorkan,36,DEF,DF,0.33273001458910356,False
81,Tomáš Holes,4,DEF,DF,0.33273001458910356,False
5,Johan Felipe Vasquez,1,DEF,DF,0.33273001458910356,False
1004,Phillip Mwene,39,DEF,DF,0.33273001458910356,False
1224,Cesar Rodolfo Blackman,48,DEF,DF,0.33273001458910356,False
1235,Jiovany Javier Ramos,48,DEF,DF,0.33273001458910356,False
1140,Deiver Machado,44,DEF,DF,0.33273001458910356,False
1174,Joško Gvardiol,46,DEF,DF,0.33273001458910356,False
1003,Philipp Lienhart,39,DEF,DF,0.33273001458910356,False
291,Grant Campbell Hanley,12,DEF,DF,0.33273001458910356,False
418,Antonio Ruediger,17,DEF,DF,0.33273001458910356,False
334,Mc,13,DEF,DF,0.33273001458910356,False
380,Aziz Behich,15,DEF,DF,0.33273001458910356,False
385,Cameron Robert Burgess,15,DEF,DF,0.33273001458910356,False
392,Mehmet Zeki Celik,16,DEF,DF,0.33273001458910356,False
389,Lucas Herrington,15,DEF,DF,0.33273001458910356,False
462,Joshua Benjamin Brenet,18,DEF,DF,0.33273001458910356,False
445,Juriën Godfried Juan Gaari,18,DEF,DF,0.33273001458910356,False
364,Alexandro Maidana,14,DEF,DF,0.33273001458910356,False
151,Stjepan Radeljic,6,DEF,DF,0.33273001458910356,False
282,Jean-Kévin Duverne,11,DEF,DF,0.33273001458910356,False
308,Nathan Kenneth Patterson,12,DEF,DF,0.33273001458910356,False
169,Mohamed Ayoub Aloui,7,DEF,DF,0.33273001458910356,False
206,Aurèle Florian Amenda,8,DEF,DF,0.33273001458910356,False
65,Taeseok Lee,3,DEF,DF,0.33273001458910356,False
119,Moïse Bombito Bombito,5,DEF,DF,0.33273001458910356,False
393,Merih Demiral,16,DEF,DF,0.33273001458910356,False
410,Ferdi Erenay Kadioglu,16,DEF,DF,0.33273001458910356,False
351,Jose Maria Canale,14,DEF,DF,0.33273001458910356,False
247,Zakaria El Ouahdi,10,DEF,DF,0.33273001458910356,False
707,Michael Joseph Boxall,28,DEF,DF,0.33273001458910356,False
656,Abdelmoneim Elsayed Mohamed,26,DEF,DF,0.33273001458910356,False
626,Zeno Koen Debast,25,DEF,DF,0.33273001458910356,False
619,Mohamed Amine Ben Hmida,24,DEF,DF,0.33273001458910356,False
550,Kou Itakura,22,DEF,DF,0.33273001458910356,False
568,Takehiro Tomiyasu,22,DEF,DF,0.33273001458910356,False
596,Elliot Karl Stroud,23,DEF,DF,0.33273001458910356,False
1233,Edgar Yoel Barcenas,48,MID,MF,0.3322165987222004,False
1204,Kwasi Sibo,47,MID,MF,0.3322165987222004,False
1228,Cristian Jesus Martinez,48,MID,MF,0.3322165987222004,False
1178,Mateo Kovacic,46,MID,MF,0.3322165987222004,False
1229,Jose Luis Rodriguez,48,MID,MF,0.3322165987222004,False
950,Exequiel Alejandro Palacios,37,MID,MF,0.3322165987222004,False
667,Mostafa Ahmed Mohanad Lashin,26,MID,MF,0.3322165987222004,False
1034,Mahmoud Saleh Mohannad Abutaha,40,MID,MF,0.3322165987222004,False
1099,Otabek Shukurov,43,MID,MF,0.3322165987222004,False
710,Marko Seufatu Nikola Stamenic,28,MID,MF,0.3322165987222004,False
811,Manuel Ugarte,32,MID,MF,0.3322165987222004,False
669,Attia Fahim Marawan Attia,26,MID,MF,0.3322165987222004,False
682,Saeid Ezatolahi,27,MID,MF,0.3322165987222004,False
1201,Thomas Teye Partey,47,MID,MF,0.3322165987222004,False
449,Juninho Gracielo Bacuna,18,MID,MF,0.3322165987222004,False
305,Lewis Ferguson,12,MID,MF,0.3322165987222004,False
463,Tahith Jose Girigorio Djorkaef Chong,18,MID,MF,0.3322165987222004,False
452,Leandro Jones Johan Bacuna,18,MID,MF,0.3322165987222004,False
270,Jean Ricner Bellegarde,11,MID,MF,0.3322165987222004,False
293,Mc,12,MID,MF,0.3322165987222004,False
486,Ibrahim Sangare,19,MID,MF,0.3322165987222004,False
534,Tijjani Martinus Jan Reijnders,21,MID,MF,0.3322165987222004,False
17,Orbelín Pineda,1,MID,MF,0.3322165987222004,False
197,Djibril Ibrahima Sow,8,MID,MF,0.3322165987222004,False
144,Ivan Sunjic,6,MID,MF,0.3322165987222004,False
615,Ellyes Joris Skhiri,24,MID,MF,0.3322165987222004,False
1072,Ngal’ayel Mukau,42,MID,MF,0.3322165987222004,False
746,Martin Zubimendi,29,MID,MF,0.3322165987222004,False
648,Amadou Ba Onana,25,MID,MF,0.3322165987222004,False
690,Seyed Saman Ghoddos,27,MID,MF,0.3322165987222004,False
981,Nabil Bentaleb,38,MID,MF,0.3322165987222004,False
708,Joe Zen Robert Bell,28,MID,MF,0.3322165987222004,False
712,Sarpreet Singh,28,MID,MF,0.3322165987222004,False
764,Gregory Jamiro Monteiro,30,MID,MF,0.3322165987222004,False
795,Mohammed Abdullah Alkhaibari,31,MID,MF,0.3322165987222004,False
892,Bayesh Kamil Ibrahim Bayesh,35,MID,MF,0.3322165987222004,False
812,Rodrigo Bentancur,32,MID,MF,0.3322165987222004,False
24,Luis Gerardo Chavez,1,MID,MF,0.3322165987222004,False
623,Anis Slimane,24,MID,MF,0.3322165987222004,False
55,Gihyuk Lee,3,MID,MF,0.3322165987222004,False
60,Seungho Paik,3,MID,MF,0.3322165987222004,False
977,Rayan Ait-Nouri,38,DEF,DF,0.3300837332117662,False
1019,Mousa Mahmoud Yazan Alarab,40,DEF,DF,0.3300837332117662,False
1017,Mousa Musallam Abdallah Nasib,40,DEF,DF,0.3300837332117662,False
1094,Abdukodir Khusanov,43,DEF,DF,0.3300837332117662,False
1135,Johan Andrés Mojica,44,DEF,DF,0.3300837332117662,False
1173,Marin Pongracic,46,DEF,DF,0.3300837332117662,False
1105,Sherzod Nasrullaev,43,DEF,DF,0.3300837332117662,False
1097,Rustamjon Ashurmatov,43,DEF,DF,0.3300837332117662,False
1214,Jerome Opoku,47,DEF,DF,0.3300837332117662,False
1225,Jose Angel Cordoba,48,DEF,DF,0.3300837332117662,False
1236,Carlos Miguel Harvey,48,DEF,DF,0.3300837332117662,False
1200,Jonas Adjei Adjetey,47,DEF,DF,0.3300837332117662,False
1238,Andres Alberto Andrade,48,DEF,DF,0.3300837332117662,False
1245,Michael Amir Murillo,48,DEF,DF,0.3300837332117662,False
15,Israel Reyes,1,DEF,DF,0.3300837332117662,False
82,Robin Hranac,4,DEF,DF,0.3300837332117662,False
74,Youngwoo Seol,3,DEF,DF,0.3300837332117662,False
851,Théo Bernard François Hernandez,33,DEF,DF,0.3300837332117662,False
939,Nicolás Alejandro Tagliafico,37,DEF,DF,0.3300837332117662,False
776,MOREIRASteven Steven,30,DEF,DF,0.3300837332117662,False
822,Mathías Olivera,32,DEF,DF,0.3300837332117662,False
819,Guillermo Varela,32,DEF,DF,0.3300837332117662,False
809,Sebastián Enzo Caceres,32,DEF,DF,0.3300837332117662,False
889,Hashim Rahman Akam Hashim,35,DEF,DF,0.3300837332117662,False
715,Liberato Gianpaolo Cacace,28,DEF,DF,0.3300837332117662,False
732,Eric Garcia,29,DEF,DF,0.3300837332117662,False
731,Alejandro Grimaldo,29,DEF,DF,0.3300837332117662,False
938,Marcos Nicolás Senesi,37,DEF,DF,0.3300837332117662,False
618,Yan Valery,24,DEF,DF,0.3300837332117662,False
695,Ali Nemati,27,DEF,DF,0.3300837332117662,False
655,Abdelaziz Moustafa Ramy Rabia,26,DEF,DF,0.3300837332117662,False
785,Mohammed Hassan Altambakti,31,DEF,DF,0.3300837332117662,False
498,Joel Leandro Ordonez,20,DEF,DF,0.3300837332117662,False
488,Emmanuel Elysee Djedje Agbadou,19,DEF,DF,0.3300837332117662,False
485,Guela Maho-Lewis Doue,19,DEF,DF,0.3300837332117662,False
475,Odilon Dorgeless Kossounou,19,DEF,DF,0.3300837332117662,False
593,Alexander Olof Bernhardsson,23,DEF,DF,0.3300837332117662,False
600,Ali Abdi,24,DEF,DF,0.3300837332117662,False
535,Micky Van De Ven,21,DEF,DF,0.3300837332117662,False
601,Montassar Omar Talbi,24,DEF,DF,0.3300837332117662,False
629,Maxim Peter De Cuyper,25,DEF,DF,0.3300837332117662,False
645,Timothy Castagne,25,DEF,DF,0.3300837332117662,False
576,Isak Malcolm Kwaku Hien,23,DEF,DF,0.3300837332117662,False
680,Shojae Khalilzadeh,27,DEF,DF,0.3300837332117662,False
466,Deveron Lenny Fonville,18,DEF,DF,0.3300837332117662,False
471,N'clomande Ghislain Konan,19,DEF,DF,0.3300837332117662,False
460,Armando Maria Obispo,18,DEF,DF,0.3300837332117662,False
447,Sherel Constancio Floranus,18,DEF,DF,0.3300837332117662,False
325,Timothy Michael Ream,13,DEF,DF,0.3300837332117662,False
344,Júnior Osmar Ignacio Alonso,14,DEF,DF,0.3300837332117662,False
299,Jack William Hendry,12,DEF,DF,0.3300837332117662,False
289,Andrew Henry Robertson,12,DEF,DF,0.3300837332117662,False
404,Abdülker Bardakci,16,DEF,DF,0.3300837332117662,False
268,Martin Yves Roberns Didier Experience,11,DEF,DF,0.3300837332117662,False
207,Luca Antony Jaquez,8,DEF,DF,0.3300837332117662,False
264,Ricardo Ade,11,DEF,DF,0.3300837332117662,False
137,Amar Dedic,6,DEF,DF,0.3300837332117662,False
158,Miguel Pedro,7,DEF,DF,0.3300837332117662,False
265,Hannes Piterson Delcroix,11,DEF,DF,0.3300837332117662,False
54,Hanbeom Lee,3,DEF,DF,0.3300837332117662,False
108,Luc De Fougerolles,5,DEF,DF,0.3300837332117662,False
160,Gueye Issa Laye,7,DEF,DF,0.3300837332117662,False
172,KHOUKHIBoualem Boualem,7,DEF,DF,0.3300837332117662,False
161,Gaber Jassem,7,DEF,DF,0.3300837332117662,False
1211,Elisha Owusu,47,MID,MF,0.329505844501808,False
400,Hakan Calhanoglu,16,MID,MF,0.329505844501808,False
406,Ismailİsma Yuksek,16,MID,MF,0.329505844501808,False
202,Michel Aebischer,8,MID,MF,0.329505844501808,False
196,Ardon Jashari,8,MID,MF,0.329505844501808,False
494,Christ Ravynel Inao Oulai,19,MID,MF,0.329505844501808,False
354,Damián Josue Bobadilla,14,MID,MF,0.329505844501808,False
115,Liam Alan Millar,5,MID,MF,0.329505844501808,False
136,Benjamin Tahirovic,6,MID,MF,0.329505844501808,False
145,Amar Memic,6,MID,MF,0.329505844501808,False
582,Erik Benjamin Nygren,23,MID,MF,0.329505844501808,False
553,Ao Tanaka,22,MID,MF,0.329505844501808,False
630,Axel Laurent Witsel,25,MID,MF,0.329505844501808,False
769,Michael Laros Duarte,30,MID,MF,0.329505844501808,False
761,Eduardo Jovane,30,MID,MF,0.329505844501808,False
722,Mc,28,MID,MF,0.329505844501808,False
736,Fabian Ruiz,29,MID,MF,0.329505844501808,False
62,Jae Sung Lee,3,MID,MF,0.329505844501808,False
49,Jayden Oswin Adams,2,MID,MF,0.329505844501808,False
611,Rani Khedira,24,MID,MF,0.329505844501808,False
588,Jesper Kewe Karlstrom,23,MID,MF,0.329505844501808,False
90,Lukáš Cerv,4,MID,MF,0.329505844501808,False
787,Fahad Musab Aljuwayr,31,MID,MF,0.329505844501808,False
1012,Paul Wanner,39,MID,MF,0.329505844501808,False
1061,Diogo Ruben,41,MID,MF,0.329505844501808,False
1080,Noah Junior Sadiki,42,MID,MF,0.329505844501808,False
1073,Nathanaël Mbuku,42,MID,MF,0.329505844501808,False
1091,Edo Kayembe Kayembe,42,MID,MF,0.329505844501808,False
976,Hicham Boudaoui,38,MID,MF,0.329505844501808,False
968,Ramiz Larbi Zerrouki,38,MID,MF,0.329505844501808,False
944,Valentin Barco,37,MID,MF,0.329505844501808,False
898,Aamar Iqbal Zidane,35,MID,MF,0.329505844501808,False
932,Oscar Bobb,36,MID,MF,0.329505844501808,False
928,Kristian Thorstvedt,36,MID,MF,0.329505844501808,False
908,Ismael Khaleel Zaid Ismael,35,MID,MF,0.329505844501808,False
941,Leandro Daniel Paredes,37,MID,MF,0.329505844501808,False
831,Juan Manuel Sanabria,32,MID,MF,0.329505844501808,False
803,Ibrahim Mohamed,31,MID,MF,0.329505844501808,False
1077,Gaël Roméo Kakuta,42,FWD,FW,0.3284186805694055,False
1179,Andrej Kramaric,46,FWD,FW,0.3284186805694055,False
1203,Abdul Fatawu Fatawu,47,FWD,FW,0.3284186805694055,False
1206,Brandon Michael Clarke Thomas-Asante,47,FWD,FW,0.3284186805694055,False
1209,Christopher Bonsu Bonsu Baah,47,FWD,FW,0.3284186805694055,False
987,Fares Ghedjemis,38,FWD,FW,0.3284186805694055,False
1009,Patrick Wimmer,39,FWD,FW,0.3284186805694055,False
1112,Azizbek Amonov,43,FWD,FW,0.3284186805694055,False
1113,Igor Sergeev,43,FWD,FW,0.3284186805694055,False
1025,Burhan Shehadeh Odeh Fakhoury,40,FWD,FW,0.3284186805694055,False
1021,Faisal Yousef Mohammad,40,FWD,FW,0.3284186805694055,False
894,Ali Kadhim Mohanad Ali,35,FWD,FW,0.3284186805694055,False
870,Pape Cherif Ndiaye,34,FWD,FW,0.3284186805694055,False
854,Jean-Philippe Mateta,33,FWD,FW,0.3284186805694055,False
1056,António Francisco Trincao,41,FWD,FW,0.3284186805694055,False
1089,Simon Bokote Banza,42,FWD,FW,0.3284186805694055,False
980,Mohammed Elamine Amoura,38,FWD,FW,0.3284186805694055,False
982,Adil Boulbina,38,FWD,FW,0.3284186805694055,False
670,Adel Aly Mohamed Ibrahim,26,FWD,FW,0.3284186805694055,False
675,Mostafa Mohamed Zizo,26,FWD,FW,0.3284186805694055,False
686,Mehdi Ghayedi,27,FWD,FW,0.3284186805694055,False
687,Ali Alipour,27,FWD,FW,0.3284186805694055,False
399,Deniz Daniel Gul,16,FWD,FW,0.3284186805694055,False
430,Maximilian Beier,17,FWD,FW,0.3284186805694055,False
427,Nick Woltemade,17,FWD,FW,0.3284186805694055,False
374,Ajdin Hrustic,15,FWD,FW,0.3284186805694055,False
279,Yassin Enzo Fortune,11,FWD,FW,0.3284186805694055,False
390,Tete Owen Yengi,15,FWD,FW,0.3284186805694055,False
375,Awer Bul Mabil,15,FWD,FW,0.3284186805694055,False
355,Alejandro Sebastian Romero Gamarra,14,FWD,FW,0.3284186805694055,False
338,Alejandro Zendejas,13,FWD,FW,0.3284186805694055,False
453,Jeremy Cornelis Jacobus Antonisse,18,FWD,FW,0.3284186805694055,False
304,George David Eric Hirst,12,FWD,FW,0.3284186805694055,False
300,Ross Cameron Stewart,12,FWD,FW,0.3284186805694055,False
616,Rayan Elloumi,24,FWD,FW,0.3284186805694055,False
598,Taha Abdi Ali,23,FWD,FW,0.3284186805694055,False
617,Firas Chaouat,24,FWD,FW,0.3284186805694055,False
605,Mohamed Elyes Achouri,24,FWD,FW,0.3284186805694055,False
482,Oumar Diakite,19,FWD,FW,0.3284186805694055,False
490,Evann Ludovic Vidjannagni Guessand,19,FWD,FW,0.3284186805694055,False
505,Kevin Jose Rodriguez,20,FWD,FW,0.3284186805694055,False
455,Tyrese Yurvencey Noslin,18,FWD,FW,0.3284186805694055,False
555,Keisuke Goto,22,FWD,FW,0.3284186805694055,False
552,Shuto Machino,22,FWD,FW,0.3284186805694055,False
537,Noa Noëll Lang,21,FWD,FW,0.3284186805694055,False
456,Kenji Joël Gorre,18,FWD,FW,0.3284186805694055,False
458,Jearl Erwin Margaritha,18,FWD,FW,0.3284186805694055,False
459,Brandley Mack-Olien Kuwas,18,FWD,FW,0.3284186805694055,False
478,Simon Adingra,19,FWD,FW,0.3284186805694055,False
753,Victor Munoz,29,FWD,FW,0.3284186805694055,False
719,Kosta Barbarouses,28,FWD,FW,0.3284186805694055,False
720,Benjamin Peter Waine,28,FWD,FW,0.3284186805694055,False
723,Jesse Carmichael Randall,28,FWD,FW,0.3284186805694055,False
841,Marcus Lilian Thuram,33,FWD,FW,0.3284186805694055,False
694,Amirhossein Hosseinzadeh,27,FWD,FW,0.3284186805694055,False
739,Yeremy Jesús Pino,29,FWD,FW,0.3284186805694055,False
754,Borja Iglesias,29,FWD,FW,0.3284186805694055,False
529,Wout François Maria Weghorst,21,FWD,FW,0.3284186805694055,False
518,Jeremy Alberto Arevalo,20,FWD,FW,0.3284186805694055,False
638,Dodi Lukebakio,25,FWD,FW,0.3284186805694055,False
510,Jordy Josue Caicedo,20,FWD,FW,0.3284186805694055,False
709,Logan Tipene Rogerson,28,FWD,FW,0.3284186805694055,False
700,Dennis Dargahi,27,FWD,FW,0.3284186805694055,False
597,Håkan Gustaf Nilsson,23,FWD,FW,0.3284186805694055,False
572,Kento Shiogai,22,FWD,FW,0.3284186805694055,False
1059,Manuel Goncalo,41,FWD,FW,0.3284186805694055,False
1190,Igor Matanovic,46,FWD,FW,0.3284186805694055,False
1144,Carlos Andrés Gomez,44,FWD,FW,0.3284186805694055,False
1163,George Arthur Watkins,45,FWD,FW,0.3284186805694055,False
1221,Prince Kwabena Adu,47,FWD,FW,0.3284186805694055,False
1246,Azarías Emmanuel Londono,48,FWD,FW,0.3284186805694055,False
867,Ahmadou Bamba Mbacke Dieng,34,FWD,FW,0.3284186805694055,False
825,Rodrigo Sebastian Aguirre,32,FWD,FW,0.3284186805694055,False
865,Assane Diao,34,FWD,FW,0.3284186805694055,False
897,Yousif Hashim Ali Yousif,35,FWD,FW,0.3284186805694055,False
817,Facundo Pellistri,32,FWD,FW,0.3284186805694055,False
824,Paul Brian Rodriguez,32,FWD,FW,0.3284186805694055,False
799,Abdulrahman Abdullah Alhamddan,31,FWD,FW,0.3284186805694055,False
797,Essa Khalid Alghannam,31,FWD,FW,0.3284186805694055,False
791,Khalid Saleh,31,FWD,FW,0.3284186805694055,False
905,Jabbar Hussein Marko Farji,35,FWD,FW,0.3284186805694055,False
91,Mojmír Chytil,4,FWD,FW,0.3284186805694055,False
97,Tomáš Chory,4,FWD,FW,0.3284186805694055,False
10,Ernesto Alexis Vega,1,FWD,FW,0.3284186805694055,False
14,Armando Gonzalez,1,FWD,FW,0.3284186805694055,False
21,César Saúl Huerta,1,FWD,FW,0.3284186805694055,False
51,Kamogelo Michael Sebelebele,2,FWD,FW,0.3284186805694055,False
61,Guesung Cho,3,FWD,FW,0.3284186805694055,False
89,Jan Kuchta,4,FWD,FW,0.3284186805694055,False
139,Samed Bazdar,6,FWD,FW,0.3284186805694055,False
153,Haris Tabakovic,6,FWD,FW,0.3284186805694055,False
130,Jayden Nelson,5,FWD,FW,0.3284186805694055,False
267,Derrick Burckley Etienne,11,FWD,FW,0.3284186805694055,False
251,Mohamed Amine Sbai,10,FWD,FW,0.3284186805694055,False
229,Henrique André Luiz,9,FWD,FW,0.3284186805694055,False
227,Felipe Endrick,9,FWD,FW,0.3284186805694055,False
331,Haji Amir Wright,13,FWD,FW,0.3284186805694055,False
180,Mohammad Tahsin,7,FWD,FW,0.3284186805694055,False
311,Findlay Kenneth Curtis,12,FWD,FW,0.3284186805694055,False
295,Lyndon John Dykes,12,FWD,FW,0.3284186805694055,False
163,Alaaeldin Ahmed,7,FWD,FW,0.3284186805694055,False
165,Mohammed Mohammed Muntari,7,FWD,FW,0.3284186805694055,False
208,Cedric Jan Itten,8,FWD,FW,0.3284186805694055,False
205,Mohamed Zeki Amdouni,8,FWD,FW,0.3284186805694055,False
198,Christian Andreas Fassnacht,8,FWD,FW,0.3284186805694055,False
269,Duckens Nazon,11,FWD,FW,0.3284186805694055,False
175,Ali Zainelabdeen Almoez,7,FWD,FW,0.3284186805694055,False
788,Yahya Aiman Yahya,31,FWD,FW,0.3284186805694055,False
1242,Anibal Casis Godoy,48,MID,MF,0.32811025873583244,False
1216,Augustine Boakye,47,MID,MF,0.32811025873583244,False
1230,Adalberto Eliecer Carrasquilla,48,MID,MF,0.32811025873583244,False
1189,Toni Fruk,46,MID,MF,0.32811025873583244,False
1243,Cesar Augusto Yanis,48,MID,MF,0.32811025873583244,False
294,Tyler Robert Fletcher,12,MID,MF,0.32811025873583244,False
472,Jean Michael Seri,19,MID,MF,0.32811025873583244,False
464,Kevin Antonio Felida,18,MID,MF,0.32811025873583244,False
457,Jainel Archenir Martha,18,MID,MF,0.32811025873583244,False
448,Godfried Roemeratoe,18,MID,MF,0.32811025873583244,False
441,Forzan Assan Ouedraogo,17,MID,MF,0.32811025873583244,False
432,Angelo Nicolas Stiller,17,MID,MF,0.32811025873583244,False
429,Pascal Alexander GROß GROß Gross,17,MID,MF,0.32811025873583244,False
425,Jamie Jaleel Jeremy Leweling,17,MID,MF,0.32811025873583244,False
493,Parfait Guiagon,19,MID,MF,0.32811025873583244,False
502,Anthony Lenin Valencia,20,MID,MF,0.32811025873583244,False
286,Olivier Woodensky Pierre,11,MID,MF,0.32811025873583244,False
266,Carl Fred Sainte,11,MID,MF,0.32811025873583244,False
285,Dominique Celidor Simon,11,MID,MF,0.32811025873583244,False
249,Samir El Mourabet,10,MID,MF,0.32811025873583244,False
327,Cristian Roldan,13,MID,MF,0.32811025873583244,False
210,José Ederson Silva,9,MID,MF,0.32811025873583244,False
527,Justin Dean Kluivert,21,MID,MF,0.32811025873583244,False
512,Denil Daniel Castillo,20,MID,MF,0.32811025873583244,False
523,Marten Elco De Roon,21,MID,MF,0.32811025873583244,False
546,Quinten Ryan Crispito Timber,21,MID,MF,0.32811025873583244,False
226,Danilo Danilo Santos,9,MID,MF,0.32811025873583244,False
125,Jonathan Osorio,5,MID,MF,0.32811025873583244,False
225,Henrique Fabinho,9,MID,MF,0.32811025873583244,False
162,Hatim Abdulaziz Hatem,7,MID,MF,0.32811025873583244,False
147,Dzenis Burnic,6,MID,MF,0.32811025873583244,False
173,Mohamed Ahmed Alganehi,7,MID,MF,0.32811025873583244,False
536,Guus Berend Til,21,MID,MF,0.32811025873583244,False
563,Yuito Suzuki,22,MID,MF,0.32811025873583244,False
540,Teun Koopmeiners,21,MID,MF,0.32811025873583244,False
69,Junho Bae,3,MID,MF,0.32811025873583244,False
1191,Luka Sucic,46,MID,MF,0.32811025873583244,False
770,SEMEDOJair Yannick,30,MID,MF,0.32811025873583244,False
702,Amirmohammad Razaghinia,27,MID,MF,0.32811025873583244,False
691,Roozbeh Cheshmi,27,MID,MF,0.32811025873583244,False
692,Mahdi Torabi,27,MID,MF,0.32811025873583244,False
716,Alex Arthur Rufer,28,MID,MF,0.32811025873583244,False
727,Lachlan Ryan Bayliss,28,MID,MF,0.32811025873583244,False
721,Benjamin Craig Old,28,MID,MF,0.32811025873583244,False
585,Ken Sema,23,MID,MF,0.32811025873583244,False
76,Jingyu Kim,3,MID,MF,0.32811025873583244,False
72,Hyunjun Yang,3,MID,MF,0.32811025873583244,False
78,Donggyeong Lee,3,MID,MF,0.32811025873583244,False
613,Mohamed Hadj Mahmoud,24,MID,MF,0.32811025873583244,False
594,Besfort Zeneli,23,MID,MF,0.32811025873583244,False
77,Jisung Eom,3,MID,MF,0.32811025873583244,False
683,Alireza Jahanbakhsh,27,MID,MF,0.32811025873583244,False
643,Diego Manuel Moreira,25,MID,MF,0.32811025873583244,False
26,Brian Gutierrez,1,MID,MF,0.32811025873583244,False
18,Obed Goméz Vargas,1,MID,MF,0.32811025873583244,False
103,Hugo Sochurek,4,MID,MF,0.32811025873583244,False
612,Khalil Ayari,24,MID,MF,0.32811025873583244,False
504,Ray Kendry Paez,20,MID,MF,0.32811025873583244,False
378,Cameron Peter Devlin,15,MID,MF,0.32811025873583244,False
424,Leon Christoph Goretzka,17,MID,MF,0.32811025873583244,False
358,Braian Oscar Ojeda,14,MID,MF,0.32811025873583244,False
1241,Alberto Abdiel Quintero,48,MID,MF,0.32811025873583244,False
1232,Ismael Diaz,48,MID,MF,0.32811025873583244,False
798,Mohsen Ala Alhajji,31,MID,MF,0.32811025873583244,False
845,N'golo Kante,33,MID,MF,0.32811025873583244,False
875,Pape Matar Sarr,34,MID,MF,0.32811025873583244,False
857,Maghnes Akliouche,33,MID,MF,0.32811025873583244,False
891,Wali Faeq Youssef Amyn,35,MID,MF,0.32811025873583244,False
880,Bara Sapoko Ndiaye,34,MID,MF,0.32811025873583244,False
986,Yassine Titraoui,38,MID,MF,0.32811025873583244,False
903,Yakob William Kevin Yakob,35,MID,MF,0.32811025873583244,False
912,Morten Thorsby,36,MID,MF,0.32811025873583244,False
933,Jens Petter Hauge,36,MID,MF,0.32811025873583244,False
904,Hazar Anwar Aimar,35,MID,MF,0.32811025873583244,False
821,Emiliano Martinez,32,MID,MF,0.32811025873583244,False
816,Giorgian Daniel De Arrascaeta,32,MID,MF,0.32811025873583244,False
796,Mubarak Ziyad Aljohani,31,MID,MF,0.32811025873583244,False
828,Joaquin Piquerez,32,MID,MF,0.32811025873583244,False
813,Diego Nicolás De La Cruz,32,MID,MF,0.32811025873583244,False
832,Radrigo Zalazar,32,MID,MF,0.32811025873583244,False
1010,Alexander Prass,39,MID,MF,0.32811025873583244,False
1029,Mohammad Sami Ibrahim,40,MID,MF,0.32811025873583244,False
1007,Dejan Ljubicic,39,MID,MF,0.32811025873583244,False
1005,Carney Chibueze Chukwuemeka,39,MID,MF,0.32811025873583244,False
1014,Alessandro Andre Schoepf,39,MID,MF,0.32811025873583244,False
1084,Charles Monginda Pickel,42,MID,MF,0.32811025873583244,False
1081,Tshibola Tshibola,42,MID,MF,0.32811025873583244,False
1039,Ratib Mohammad Mohammad Aldaoud,40,MID,MF,0.32811025873583244,False
1076,Theo Mbulofeko Batombo Bongonda,42,MID,MF,0.32811025873583244,False
1028,Ayed Fadel Rajaei Ayed,40,MID,MF,0.32811025873583244,False
1020,Rasem Adel Amer Jamous,40,MID,MF,0.32811025873583244,False
1032,Ahmed Mohammad Mohammad,40,MID,MF,0.32811025873583244,False
998,Florian Grillitsch,39,MID,MF,0.32811025873583244,False
1126,Jorge Andres Carrascal,44,MID,MF,0.32811025873583244,False
1123,Kevin Duvan Castano,44,MID,MF,0.32811025873583244,False
1115,Sherzod Esanov,43,MID,MF,0.32811025873583244,False
1102,Ruslanbek Jiyanov,43,MID,MF,0.32811025873583244,False
1100,Jamshid Iskanderov,43,MID,MF,0.32811025873583244,False
1158,Jordan Brian Henderson,45,MID,MF,0.32811025873583244,False
1160,Kobbie Boateng Mainoo,45,MID,MF,0.32811025873583244,False
1177,Nikola Moro,46,MID,MF,0.32811025873583244,False
