team_id,team_name,fifa_code,group_letter,confederation,fifa_ranking_pre_tournament,elo_rating,manager_name,avg_possession_pct,avg_total_shots,avg_shots_on_target,avg_corners,avg_fouls,avg_offsides,avg_saves,matches_observed,cluster,n_clusters,silhouette_score
1,Mexico,MEX,A,CONCACAF,14,1810,Javier Aguirre,52.0,14.0,4.2,4.4,11.4,1.0,1.4,5,1,2,0.33721776242071133
2,South Africa,RSA,A,CAF,60,1620,Hugo Broos,48.25,9.75,2.75,3.0,11.75,1.5,4.25,4,0,2,0.33721776242071133
3,South Korea,KOR,A,AFC,22,1800,Hong Myung-bo,57.666666666666664,9.666666666666666,3.3333333333333335,4.0,8.666666666666666,1.6666666666666667,2.6666666666666665,3,1,2,0.33721776242071133
4,Czechia,CZE,A,UEFA,40,1740,Miroslav Koubek,42.666666666666664,12.333333333333334,2.3333333333333335,4.333333333333333,11.333333333333334,1.6666666666666667,3.0,3,0,2,0.33721776242071133
5,Canada,CAN,B,CONCACAF,33,1795,Jesse Marsch,48.2,16.2,6.4,8.8,14.2,2.0,1.4,5,1,2,0.33721776242071133
6,Bosnia and Herzegovina,BIH,B,UEFA,64,1645,Sergej Barbarez,42.25,9.25,3.5,3.75,13.5,0.75,3.0,4,0,2,0.33721776242071133
13,USA,USA,D,CONCACAF,17,1850,Mauricio Pochettino,51.2,11.4,3.6,5.0,10.6,1.6,2.4,5,1,2,0.33721776242071133
14,Paraguay,PAR,D,CONMEBOL,54,1725,Gustavo Alfaro,27.8,7.2,1.8,2.0,13.2,1.0,5.8,5,0,2,0.33721776242071133
7,Qatar,QAT,B,AFC,56,1600,Julen Lopetegui,31.333333333333332,5.666666666666667,2.0,3.0,12.0,1.6666666666666667,5.333333333333333,3,0,2,0.33721776242071133
8,Switzerland,SUI,B,UEFA,19,1860,Murat Yakin,50.0,12.5,4.666666666666667,5.166666666666667,11.666666666666666,0.6666666666666666,3.1666666666666665,6,1,2,0.33721776242071133
9,Brazil,BRA,C,CONMEBOL,6,2030,Carlo Ancelotti,56.4,15.4,6.2,5.6,9.0,1.4,1.8,5,1,2,0.33721776242071133
10,Morocco,MAR,C,CAF,7,1920,Walid Regragui,54.5,11.666666666666666,4.5,4.333333333333333,12.5,1.8333333333333333,2.8333333333333335,6,1,2,0.33721776242071133
11,Haiti,HAI,C,CONCACAF,83,1530,Sébastien Migné,41.0,9.333333333333334,2.0,3.3333333333333335,12.666666666666666,1.3333333333333333,4.666666666666667,3,0,2,0.33721776242071133
12,Scotland,SCO,C,UEFA,39,1720,Steve Clarke,44.0,8.0,1.6666666666666667,3.3333333333333335,11.333333333333334,1.6666666666666667,3.3333333333333335,3,0,2,0.33721776242071133
15,Australia,AUS,D,AFC,27,1790,Tony Popovic,38.75,9.25,3.5,4.0,12.0,0.75,2.75,4,0,2,0.33721776242071133
16,Türkiye,TUR,D,UEFA,26,1780,Vincenzo Montella,59.0,25.333333333333332,6.333333333333333,8.0,9.666666666666666,2.3333333333333335,2.3333333333333335,3,1,2,0.33721776242071133
17,Germany,GER,E,UEFA,10,1970,Julian Nagelsmann,63.5,19.5,8.25,9.5,11.25,2.0,2.0,4,1,2,0.33721776242071133
18,Curaçao,CUW,E,CONCACAF,82,1520,Dick Advocaat,38.333333333333336,6.666666666666667,1.3333333333333333,1.0,13.333333333333334,1.3333333333333333,8.333333333333334,3,0,2,0.33721776242071133
21,Netherlands,NED,F,UEFA,8,1980,Ronald Koeman,50.25,11.0,5.75,6.0,11.25,2.25,3.0,4,1,2,0.33721776242071133
22,Japan,JPN,F,AFC,18,1880,Hajime Moriyasu,45.75,10.25,4.25,4.0,11.0,1.0,2.75,4,1,2,0.33721776242071133
19,Côte d'Ivoire,CIV,E,CAF,38,1750,Emerse Faé,48.25,13.5,4.75,6.5,9.25,2.25,3.0,4,1,2,0.33721776242071133
20,Ecuador,ECU,E,CONMEBOL,23,1870,Sebastián Beccacece,52.0,14.5,5.5,6.25,13.25,1.25,6.25,4,1,2,0.33721776242071133
23,Sweden,SWE,F,UEFA,25,1815,Jon Dahl Tomasson,45.0,12.0,5.5,3.0,11.5,2.0,5.25,4,0,2,0.33721776242071133
24,Tunisia,TUN,F,CAF,45,1710,Hervé Renard,42.333333333333336,5.666666666666667,2.0,2.3333333333333335,9.333333333333334,1.3333333333333333,4.333333333333333,3,0,2,0.33721776242071133
29,Spain,ESP,H,UEFA,2,2120,Luis de la Fuente,61.125,17.125,7.0,7.5,8.875,2.0,2.625,8,1,2,0.33721776242071133
30,Cabo Verde,CPV,H,CAF,67,1640,Bubista,37.0,12.25,3.25,3.0,7.0,1.75,5.75,4,0,2,0.33721776242071133
25,Belgium,BEL,G,UEFA,9,1950,Domenico Tedesco,55.666666666666664,17.666666666666668,6.666666666666667,4.666666666666667,12.333333333333334,1.5,2.5,6,1,2,0.33721776242071133
26,Egypt,EGY,G,CAF,36,1730,Hossam Hassan,47.4,13.8,4.6,4.8,12.2,1.0,2.6,5,1,2,0.33721776242071133
31,Saudi Arabia,KSA,H,AFC,58,1660,Georgios Donis,36.333333333333336,6.0,2.3333333333333335,2.3333333333333335,12.333333333333334,1.3333333333333333,6.0,3,0,2,0.33721776242071133
32,Uruguay,URU,H,CONMEBOL,16,1960,Marcelo Bielsa,56.666666666666664,18.0,6.666666666666667,9.333333333333334,10.0,1.6666666666666667,3.0,3,1,2,0.33721776242071133
27,IR Iran,IRN,G,AFC,20,1820,Amir Ghalenoei,42.0,12.0,3.3333333333333335,3.3333333333333335,10.0,2.3333333333333335,5.333333333333333,3,0,2,0.33721776242071133
28,New Zealand,NZL,G,OFC,85,1510,Darren Bazeley,39.666666666666664,10.333333333333334,4.333333333333333,2.3333333333333335,10.666666666666666,1.3333333333333333,6.0,3,0,2,0.33721776242071133
33,France,FRA,I,UEFA,3,2100,Didier Deschamps,55.625,15.875,7.0,6.25,9.375,1.375,2.625,8,1,2,0.33721776242071133
34,Senegal,SEN,I,CAF,15,1840,Pape Thiaw,52.25,15.75,5.75,5.5,9.0,1.5,2.5,4,1,2,0.33721776242071133
35,Iraq,IRQ,I,AFC,55,1630,Graham Arnold,36.333333333333336,7.0,0.6666666666666666,3.3333333333333335,9.0,0.6666666666666666,5.333333333333333,3,0,2,0.33721776242071133
36,Norway,NOR,I,UEFA,44,1775,Ståle Solbakken,52.0,9.833333333333334,4.5,4.0,9.833333333333334,0.8333333333333334,3.1666666666666665,6,1,2,0.33721776242071133
37,Argentina,ARG,J,CONMEBOL,1,2150,Lionel Scaloni,57.875,14.0,6.125,5.25,10.25,2.0,2.0,8,1,2,0.33721776242071133
38,Algeria,ALG,J,CAF,28,1760,Vladimir Petković,56.75,11.25,3.5,2.75,8.0,1.5,2.0,4,1,2,0.33721776242071133
39,Austria,AUT,J,UEFA,24,1830,Ralf Rangnick,46.25,7.75,2.0,2.5,11.75,3.0,3.0,4,0,2,0.33721776242071133
40,Jordan,JOR,J,AFC,63,1610,Jamal Sellami,29.666666666666668,7.333333333333333,2.0,2.3333333333333335,10.666666666666666,1.0,3.6666666666666665,3,0,2,0.33721776242071133
41,Portugal,POR,K,UEFA,5,2010,Roberto Martínez,56.2,12.2,3.4,5.4,8.4,1.6,4.4,5,1,2,0.33721776242071133
42,Congo DR,COD,K,CAF,61,1670,Sébastien Desabre,42.75,10.5,2.5,3.0,10.5,2.5,3.0,4,0,2,0.33721776242071133
45,England,ENG,L,UEFA,4,2050,Thomas Tuchel,52.75,14.625,6.5,5.75,10.25,1.625,2.75,8,1,2,0.33721776242071133
46,Croatia,CRO,L,UEFA,11,1940,Zlatko Dalić,47.5,11.5,5.0,3.75,10.5,2.25,2.0,4,1,2,0.33721776242071133
47,Ghana,GHA,L,CAF,49,1690,Carlos Queiroz,40.5,7.5,1.25,2.25,10.75,1.0,4.25,4,0,2,0.33721776242071133
48,Panama,PAN,L,CONCACAF,34,1680,Thomas Christiansen,44.0,10.333333333333334,2.3333333333333335,2.3333333333333335,13.666666666666666,2.6666666666666665,2.6666666666666665,3,0,2,0.33721776242071133
43,Uzbekistan,UZB,K,AFC,50,1650,Fabio Cannavaro,35.666666666666664,5.333333333333333,1.3333333333333333,3.0,14.0,1.6666666666666667,3.3333333333333335,3,0,2,0.33721776242071133
44,Colombia,COL,K,CONMEBOL,13,1990,Néstor Lorenzo,56.4,17.2,5.2,4.6,11.6,2.0,1.8,5,1,2,0.33721776242071133
