match_id;player_id;player_name;team;opponent_team;starter;minutes_played;saves;shots_faced;goals_conceded_on_pitch;clean_sheet;penalty_saves;punches;data_source
1;1;Raul RANGEL;Mexico;South Africa;1;92;2;0;0;1;0;0;api.fifa.com+espn.com
1;12;Carlos ACEVEDO;Mexico;South Africa;0;0;0;0;0;0;0;0;api.fifa.com+derived-known-zero
1;13;Guillermo OCHOA;Mexico;South Africa;0;0;0;0;0;0;0;0;api.fifa.com+derived-known-zero
1;27;Ronwen WILLIAMS;South Africa;Mexico;1;92;2;0;2;0;0;1;api.fifa.com+espn.com
1;42;Sipho CHAINE;South Africa;Mexico;0;0;0;0;0;0;0;0;api.fifa.com+derived-known-zero
1;48;Ricardo GOSS;South Africa;Mexico;0;0;0;0;0;0;0;0;api.fifa.com+derived-known-zero
2;53;KIM Seunggyu;Korea Republic;Czechia;1;96;4;0;1;0;0;0;api.fifa.com+espn.com
2;64;SONG Bumkeun;Korea Republic;Czechia;0;0;0;0;0;0;0;0;api.fifa.com+derived-known-zero
2;73;JO Hyeonwoo;Korea Republic;Czechia;0;0;0;0;0;0;0;0;api.fifa.com+derived-known-zero
2;79;Matej KOVAR;Czechia;Korea Republic;1;96;4;0;2;0;0;0;api.fifa.com+espn.com
2;94;Jindrich STANEK;Czechia;Korea Republic;0;0;0;0;0;0;0;0;api.fifa.com+derived-known-zero
2;101;Lukas HORNICEK;Czechia;Korea Republic;0;0;0;0;0;0;0;0;api.fifa.com+derived-known-zero
3;120;Maxime CREPEAU;Canada;Bosnia and Herzegovina;1;93;2;0;1;0;0;0;api.fifa.com+espn.com
3;105;Dayne ST. CLAIR;Canada;Bosnia and Herzegovina;0;0;0;0;0;0;0;0;api.fifa.com+derived-known-zero
3;122;Owen GOODMAN;Canada;Bosnia and Herzegovina;0;0;0;0;0;0;0;0;api.fifa.com+derived-known-zero
3;131;Nikola VASILJ;Bosnia and Herzegovina;Canada;1;93;1;0;1;0;0;0;api.fifa.com+espn.com
3;142;Mladen JURKAS;Bosnia and Herzegovina;Canada;0;0;0;0;0;0;0;0;api.fifa.com+derived-known-zero
3;152;Martin ZLOMISLIC;Bosnia and Herzegovina;Canada;0;0;0;0;0;0;0;0;api.fifa.com+derived-known-zero
4;336;Matt FREESE;USA;Paraguay;1;98;0;0;1;0;0;0;api.fifa.com+espn.com
4;313;Matt TURNER;USA;Paraguay;0;0;0;0;0;0;0;0;api.fifa.com+derived-known-zero
4;337;Chris BRADY;USA;Paraguay;0;0;0;0;0;0;0;0;api.fifa.com+derived-known-zero
4;350;Orlando GILL;Paraguay;USA;1;98;3;0;4;0;0;0;api.fifa.com+espn.com
4;339;Gatito FERNANDEZ;Paraguay;USA;0;0;0;0;0;0;0;0;api.fifa.com+derived-known-zero
4;360;Gaston OLVEIRA;Paraguay;USA;0;0;0;0;0;0;0;0;api.fifa.com+derived-known-zero
5;157;MAHMOUD ABUNADA;Qatar;Switzerland;1;94;5;0;1;0;0;0;api.fifa.com+espn.com
5;177;SALAH ZAKARIA;Qatar;Switzerland;0;0;0;0;0;0;0;0;api.fifa.com+derived-known-zero
5;178;MESHAAL BARSHAM;Qatar;Switzerland;0;0;0;0;0;0;0;0;api.fifa.com+derived-known-zero
5;183;Gregor KOBEL;Switzerland;Qatar;1;94;3;0;1;0;0;0;api.fifa.com+espn.com
5;194;Yvon MVOGO;Switzerland;Qatar;0;0;0;0;0;0;0;0;api.fifa.com+derived-known-zero
5;203;Marvin KELLER;Switzerland;Qatar;0;0;0;0;0;0;0;0;api.fifa.com+derived-known-zero
6;209;ALISSON;Brazil;Morocco;1;90;2;0;1;0;0;0;api.fifa.com+espn.com
6;220;WEVERTON;Brazil;Morocco;0;0;0;0;0;0;0;0;api.fifa.com+derived-known-zero
6;231;EDERSON;Brazil;Morocco;0;0;0;0;0;0;0;0;api.fifa.com+derived-known-zero
6;235;Yassine BOUNOU;Morocco;Brazil;1;90;4;0;1;0;0;0;api.fifa.com+espn.com
6;246;Munir EL KAJOUI;Morocco;Brazil;0;0;0;0;0;0;0;0;api.fifa.com+derived-known-zero
6;256;Ahmed Reda TAGNAOUTI;Morocco;Brazil;0;0;0;0;0;0;0;0;api.fifa.com+derived-known-zero
7;261;Johny Placide;Haiti;Scotland;1;95;1;0;1;0;0;0;api.fifa.com+espn.com
7;272;Alexandre PIERRE;Haiti;Scotland;0;0;0;0;0;0;0;0;api.fifa.com+derived-known-zero
7;283;Josue DUVERGER;Haiti;Scotland;0;0;0;0;0;0;0;0;api.fifa.com+derived-known-zero
7;287;Angus Gunn;Scotland;Haiti;1;95;2;0;0;1;0;0;api.fifa.com+espn.com
7;298;Liam KELLY;Scotland;Haiti;0;0;0;0;0;0;0;0;api.fifa.com+derived-known-zero
7;307;Craig GORDON;Scotland;Haiti;0;0;0;0;0;0;0;0;api.fifa.com+derived-known-zero
8;382;Patrick BEACH;Australia;Türkiye;1;90;8;0;0;1;0;0;api.fifa.com+espn.com
8;365;Mathew RYAN;Australia;Türkiye;0;0;0;0;0;0;0;0;api.fifa.com+derived-known-zero
8;376;Paul Izzo;Australia;Türkiye;0;0;0;0;0;0;0;0;api.fifa.com+derived-known-zero
8;413;Ugurcan CAKIR;Türkiye;Australia;1;90;2;0;2;0;0;0;api.fifa.com+espn.com
8;391;Mert GUNOK;Türkiye;Australia;0;0;0;0;0;0;0;0;api.fifa.com+derived-known-zero
8;402;Altay BAYINDIR;Türkiye;Australia;0;0;0;0;0;0;0;0;api.fifa.com+derived-known-zero
9;417;Manuel NEUER;Germany;Curaçao;1;90;1;0;1;0;0;0;api.fifa.com+espn.com
9;428;Oliver Baumann;Germany;Curaçao;0;0;0;0;0;0;0;0;api.fifa.com+derived-known-zero
9;437;Alexander NUEBEL;Germany;Curaçao;0;0;0;0;0;0;0;0;api.fifa.com+derived-known-zero
9;443;Eloy ROOM;Curaçao;Germany;1;90;4;0;7;0;0;0;api.fifa.com+espn.com
9;467;Tyrick BODAK;Curaçao;Germany;0;0;0;0;0;0;0;0;api.fifa.com+derived-known-zero
9;468;Trevor DOORNBUSCH;Curaçao;Germany;0;0;0;0;0;0;0;0;api.fifa.com+derived-known-zero
10;521;Bart Verbruggen;Netherlands;Japan;1;91;1;0;2;0;0;0;api.fifa.com+espn.com
10;533;Robin ROEFS;Netherlands;Japan;0;0;0;0;0;0;0;0;api.fifa.com+derived-known-zero
10;543;Mark FLEKKEN;Netherlands;Japan;0;0;0;0;0;0;0;0;api.fifa.com+derived-known-zero
10;547;Zion Suzuki;Japan;Netherlands;1;91;4;0;2;0;0;0;api.fifa.com+espn.com
10;558;Keisuke OSAKO;Japan;Netherlands;0;0;0;0;0;0;0;0;api.fifa.com+derived-known-zero
10;569;Tomoki HAYAKAWA;Japan;Netherlands;0;0;0;0;0;0;0;0;api.fifa.com+derived-known-zero
11;469;Yahia Fofana;Côte d'Ivoire;Ecuador;1;90;1;0;0;1;0;0;api.fifa.com+espn.com
11;484;Mohamed KONE;Côte d'Ivoire;Ecuador;0;0;0;0;0;0;0;0;api.fifa.com+derived-known-zero
11;491;Alban Lafont;Côte d'Ivoire;Ecuador;0;0;0;0;0;0;0;0;api.fifa.com+derived-known-zero
11;495;Hernan GALINDEZ;Ecuador;Côte d'Ivoire;1;90;3;0;1;0;0;0;api.fifa.com+espn.com
11;506;Moises RAMIREZ;Ecuador;Côte d'Ivoire;0;0;0;0;0;0;0;0;api.fifa.com+derived-known-zero
11;516;Gonzalo VALLE;Ecuador;Côte d'Ivoire;0;0;0;0;0;0;0;0;api.fifa.com+derived-known-zero
12;595;Kristoffer NORDFELDT;Sweden;Tunisia;1;96;1;0;1;0;0;0;api.fifa.com+espn.com
12;573;Jacob WIDELL ZETTERSTROM;Sweden;Tunisia;0;0;0;0;0;0;0;0;api.fifa.com+derived-known-zero
12;584;Viktor JOHANSSON;Sweden;Tunisia;0;0;0;0;0;0;0;0;api.fifa.com+derived-known-zero
12;599;Mouhib CHAMAKH;Tunisia;Sweden;1;96;1;0;5;0;0;0;api.fifa.com+espn.com
12;614;Aymen DAHMEN;Tunisia;Sweden;0;0;0;0;0;0;0;0;api.fifa.com+derived-known-zero
12;620;Sabri BEN HESSEN;Tunisia;Sweden;0;0;0;0;0;0;0;0;api.fifa.com+derived-known-zero
13;751;Unai SIMON;Spain;Cabo Verde;1;93;1;0;0;1;0;0;api.fifa.com+espn.com
13;729;David RAYA;Spain;Cabo Verde;0;0;0;0;0;0;0;0;api.fifa.com+derived-known-zero
13;741;Joan GARCIA;Spain;Cabo Verde;0;0;0;0;0;0;0;0;api.fifa.com+derived-known-zero
13;755;VOZINHA;Cabo Verde;Spain;1;93;7;0;0;1;0;0;api.fifa.com+espn.com
13;766;MARCIO ROSA;Cabo Verde;Spain;0;0;0;0;0;0;0;0;api.fifa.com+derived-known-zero
13;777;CJ DOS SANTOS;Cabo Verde;Spain;0;0;0;0;0;0;0;0;api.fifa.com+derived-known-zero
14;625;Thibaut COURTOIS;Belgium;Egypt;1;90;2;0;1;0;0;0;api.fifa.com+espn.com
14;636;Senne LAMMENS;Belgium;Egypt;0;0;0;0;0;0;0;0;api.fifa.com+derived-known-zero
14;637;Mike PENDERS;Belgium;Egypt;0;0;0;0;0;0;0;0;api.fifa.com+derived-known-zero
14;673;MOSTAFA SHOUBIR;Egypt;Belgium;1;90;3;0;1;0;0;0;api.fifa.com+espn.com
14;651;MOHAMED ELSHENAWY;Egypt;Belgium;0;0;0;0;0;0;0;0;api.fifa.com+derived-known-zero
14;666;MAHDY SOLIMAN;Egypt;Belgium;0;0;0;0;0;0;0;0;api.fifa.com+derived-known-zero
14;676;MOHAMED ALAA;Egypt;Belgium;0;0;0;0;0;0;0;0;api.fifa.com+derived-known-zero
15;801;MOHAMMED ALOWAIS;Saudi Arabia;Uruguay;1;92;9;0;1;0;0;0;api.fifa.com+espn.com
15;781;NAWAF ALAQIDI;Saudi Arabia;Uruguay;0;0;0;0;0;0;0;0;api.fifa.com+derived-known-zero
15;802;AHMED ALKASSAR;Saudi Arabia;Uruguay;0;0;0;0;0;0;0;0;api.fifa.com+derived-known-zero
15;829;Fernando MUSLERA;Uruguay;Saudi Arabia;1;92;2;0;1;0;0;0;api.fifa.com+espn.com
15;807;Sergio ROCHET;Uruguay;Saudi Arabia;0;0;0;0;0;0;0;0;api.fifa.com+derived-known-zero
15;818;Santiago MELE;Uruguay;Saudi Arabia;0;0;0;0;0;0;0;0;api.fifa.com+derived-known-zero
16;677;Alireza BEIRANVAND;IR Iran;New Zealand;1;92;6;0;2;0;0;0;api.fifa.com+espn.com
16;688;Payam NIAZMAND;IR Iran;New Zealand;0;0;0;0;0;0;0;0;api.fifa.com+derived-known-zero
16;698;Hossein HOSSEINI;IR Iran;New Zealand;0;0;0;0;0;0;0;0;api.fifa.com+derived-known-zero
16;703;Max CROCOMBE;New Zealand;IR Iran;1;92;2;0;2;0;0;0;api.fifa.com+espn.com
16;714;Alex PAULSEN;New Zealand;IR Iran;0;0;0;0;0;0;0;0;api.fifa.com+derived-known-zero
16;724;Michael WOUD;New Zealand;IR Iran;0;0;0;0;0;0;0;0;api.fifa.com+derived-known-zero
17;848;Mike MAIGNAN;France;Senegal;1;96;2;0;1;0;0;0;api.fifa.com+espn.com
17;833;Brice SAMBA;France;Senegal;0;0;0;0;0;0;0;0;api.fifa.com+derived-known-zero
17;855;Robin RISSER;France;Senegal;0;0;0;0;0;0;0;0;api.fifa.com+derived-known-zero
17;874;Edouard MENDY;Senegal;France;1;96;5;0;3;0;0;0;api.fifa.com+espn.com
17;859;Yehvann DIOUF;Senegal;France;0;0;0;0;0;0;0;0;api.fifa.com+derived-known-zero
17;881;Mory DIAW;Senegal;France;0;0;0;0;0;0;0;0;api.fifa.com+derived-known-zero
18;896;JALAL HASSAN;Iraq;Norway;1;96;2;0;4;0;0;0;api.fifa.com+espn.com
18;885;FAHAD TALIB;Iraq;Norway;0;0;0;0;0;0;0;0;api.fifa.com+derived-known-zero
18;906;AHMED BASIL;Iraq;Norway;0;0;0;0;0;0;0;0;api.fifa.com+derived-known-zero
18;911;Orjan NYLAND;Norway;Iraq;1;96;0;0;1;0;0;0;api.fifa.com+espn.com
18;922;Sander TANGVIK;Norway;Iraq;0;0;0;0;0;0;0;0;api.fifa.com+derived-known-zero
18;923;Egil SELVIK;Norway;Iraq;0;0;0;0;0;0;0;0;api.fifa.com+derived-known-zero
19;959;Emiliano MARTINEZ;Argentina;Algeria;1;90;0;0;0;1;0;0;api.fifa.com+espn.com
19;937;Juan MUSSO;Argentina;Algeria;0;0;0;0;0;0;0;0;api.fifa.com+derived-known-zero
19;948;Geronimo RULLI;Argentina;Algeria;0;0;0;0;0;0;0;0;api.fifa.com+derived-known-zero
19;985;Luca ZIDANE;Algeria;Argentina;1;90;3;0;3;0;0;0;api.fifa.com+espn.com
19;963;Melvin MASTIL;Algeria;Argentina;0;0;0;0;0;0;0;0;api.fifa.com+derived-known-zero
19;978;Oussama BENBOT;Algeria;Argentina;0;0;0;0;0;0;0;0;api.fifa.com+derived-known-zero
20;989;Alexander SCHLAGER;Austria;Jordan;1;102;3;0;1;0;0;0;api.fifa.com+espn.com
20;1000;Florian WIEGELE;Austria;Jordan;0;0;0;0;0;0;0;0;api.fifa.com+derived-known-zero
20;1001;Patrick PENTZ;Austria;Jordan;0;0;0;0;0;0;0;0;api.fifa.com+derived-known-zero
20;1015;YAZEED ABULAILA;Jordan;Austria;1;102;1;0;3;0;0;1;api.fifa.com+espn.com
20;1026;NOUR BANIATEYAH;Jordan;Austria;0;0;0;0;0;0;0;0;api.fifa.com+derived-known-zero
20;1036;ABDALLAH ALFAKHORI;Jordan;Austria;0;0;0;0;0;0;0;0;api.fifa.com+derived-known-zero
21;1041;DIOGO COSTA;Portugal;Congo DR;1;92;1;0;1;0;0;0;api.fifa.com+espn.com
21;1052;JOSE SA;Portugal;Congo DR;0;0;0;0;0;0;0;0;api.fifa.com+derived-known-zero
21;1062;RUI SILVA;Portugal;Congo DR;0;0;0;0;0;0;0;0;api.fifa.com+derived-known-zero
21;1067;Lionel MPASI;Congo DR;Portugal;1;92;0;0;1;0;0;0;api.fifa.com+espn.com
21;1082;Timothy FAYULU;Congo DR;Portugal;0;0;0;0;0;0;0;0;api.fifa.com+derived-known-zero
21;1087;Matthieu EPOLO;Congo DR;Portugal;0;0;0;0;0;0;0;0;api.fifa.com+derived-known-zero
22;1145;Jordan PICKFORD;England;Croatia;1;90;3;0;2;0;0;0;api.fifa.com+espn.com
22;1157;Dean Henderson;England;Croatia;0;0;0;0;0;0;0;0;api.fifa.com+derived-known-zero
22;1167;James TRAFFORD;England;Croatia;0;0;0;0;0;0;0;0;api.fifa.com+derived-known-zero
22;1171;Dominik LIVAKOVIC;Croatia;England;1;90;7;0;4;0;0;0;api.fifa.com+espn.com
22;1182;Ivor PANDUR;Croatia;England;0;0;0;0;0;0;0;0;api.fifa.com+derived-known-zero
22;1193;Dominik KOTARSKI;Croatia;England;0;0;0;0;0;0;0;0;api.fifa.com+derived-known-zero
23;1197;Lawrence Ati ZIGI;Ghana;Panama;1;99;1;0;0;1;0;0;api.fifa.com+espn.com
23;1208;Joseph ANANG;Ghana;Panama;0;0;0;0;0;0;0;0;api.fifa.com+derived-known-zero
23;1212;Benjamin ASARE;Ghana;Panama;0;44;0;0;0;0;0;0;api.fifa.com+derived-known-zero
23;1244;Orlando MOSQUERA;Panama;Ghana;1;99;2;0;1;0;0;0;api.fifa.com+espn.com
23;1223;Luis MEJIA;Panama;Ghana;0;0;0;0;0;0;0;0;api.fifa.com+derived-known-zero
23;1234;Cesar SAMUDIO;Panama;Ghana;0;0;0;0;0;0;0;0;api.fifa.com+derived-known-zero
24;1093;Utkir YUSUPOV;Uzbekistan;Colombia;1;99;1;0;3;0;0;0;api.fifa.com+espn.com
24;1104;Abduvohid NEMATOV;Uzbekistan;Colombia;0;0;0;0;0;0;0;0;api.fifa.com+derived-known-zero
24;1108;Botirali ERGASHEV;Uzbekistan;Colombia;0;0;0;0;0;0;0;0;api.fifa.com+derived-known-zero
24;1130;Camilo VARGAS;Colombia;Uzbekistan;1;99;1;0;1;0;0;0;api.fifa.com+espn.com
24;1119;David OSPINA;Colombia;Uzbekistan;0;0;0;0;0;0;0;0;api.fifa.com+derived-known-zero
24;1142;Alvaro MONTERO;Colombia;Uzbekistan;0;0;0;0;0;0;0;0;api.fifa.com+derived-known-zero
26;79;Matej KOVAR;Czechia;South Africa;1;90;3;0;1;0;0;0;api.fifa.com+espn.com
26;94;Jindrich STANEK;Czechia;South Africa;0;0;0;0;0;0;0;0;api.fifa.com+derived-known-zero
26;101;Lukas HORNICEK;Czechia;South Africa;0;0;0;0;0;0;0;0;api.fifa.com+derived-known-zero
26;27;Ronwen WILLIAMS;South Africa;Czechia;1;90;2;0;1;0;0;1;api.fifa.com+espn.com
26;42;Sipho CHAINE;South Africa;Czechia;0;0;0;0;0;0;0;0;api.fifa.com+derived-known-zero
26;48;Ricardo GOSS;South Africa;Czechia;0;0;0;0;0;0;0;0;api.fifa.com+derived-known-zero
28;183;Gregor KOBEL;Switzerland;Bosnia and Herzegovina;1;97;2;0;1;0;0;0;api.fifa.com+espn.com
28;194;Yvon MVOGO;Switzerland;Bosnia and Herzegovina;0;0;0;0;0;0;0;0;api.fifa.com+derived-known-zero
28;203;Marvin KELLER;Switzerland;Bosnia and Herzegovina;0;0;0;0;0;0;0;0;api.fifa.com+derived-known-zero
28;131;Nikola VASILJ;Bosnia and Herzegovina;Switzerland;1;97;3;0;4;0;0;0;api.fifa.com+espn.com
28;142;Mladen JURKAS;Bosnia and Herzegovina;Switzerland;0;0;0;0;0;0;0;0;api.fifa.com+derived-known-zero
28;152;Martin ZLOMISLIC;Bosnia and Herzegovina;Switzerland;0;0;0;0;0;0;0;0;api.fifa.com+derived-known-zero
27;120;Maxime CREPEAU;Canada;Qatar;1;92;0;0;0;1;0;0;api.fifa.com+espn.com
27;105;Dayne ST. CLAIR;Canada;Qatar;0;0;0;0;0;0;0;0;api.fifa.com+derived-known-zero
27;122;Owen GOODMAN;Canada;Qatar;0;0;0;0;0;0;0;0;api.fifa.com+derived-known-zero
27;157;MAHMOUD ABUNADA;Qatar;Canada;1;92;4;0;6;0;0;0;api.fifa.com+espn.com
27;177;SALAH ZAKARIA;Qatar;Canada;0;0;0;0;0;0;0;0;api.fifa.com+derived-known-zero
27;178;MESHAAL BARSHAM;Qatar;Canada;0;0;0;0;0;0;0;0;api.fifa.com+derived-known-zero
25;1;Raul RANGEL;Mexico;Korea Republic;1;90;2;0;0;1;0;0;api.fifa.com+espn.com
25;12;Carlos ACEVEDO;Mexico;Korea Republic;0;0;0;0;0;0;0;0;api.fifa.com+derived-known-zero
25;13;Guillermo OCHOA;Mexico;Korea Republic;0;0;0;0;0;0;0;0;api.fifa.com+derived-known-zero
25;53;KIM Seunggyu;Korea Republic;Mexico;1;90;3;0;1;0;0;0;api.fifa.com+espn.com
25;64;SONG Bumkeun;Korea Republic;Mexico;0;0;0;0;0;0;0;0;api.fifa.com+derived-known-zero
25;73;JO Hyeonwoo;Korea Republic;Mexico;0;0;0;0;0;0;0;0;api.fifa.com+derived-known-zero
31;336;Matt FREESE;USA;Australia;1;96;2;0;0;1;0;0;api.fifa.com+espn.com
31;313;Matt TURNER;USA;Australia;0;0;0;0;0;0;0;0;api.fifa.com+derived-known-zero
31;337;Chris BRADY;USA;Australia;0;0;0;0;0;0;0;0;api.fifa.com+derived-known-zero
31;382;Patrick BEACH;Australia;USA;1;96;1;0;2;0;0;0;api.fifa.com+espn.com
31;365;Mathew RYAN;Australia;USA;0;0;0;0;0;0;0;0;api.fifa.com+derived-known-zero
31;376;Paul Izzo;Australia;USA;0;0;0;0;0;0;0;0;api.fifa.com+derived-known-zero
30;287;Angus Gunn;Scotland;Morocco;1;90;1;0;1;0;0;0;api.fifa.com+espn.com
30;298;Liam KELLY;Scotland;Morocco;0;0;0;0;0;0;0;0;api.fifa.com+derived-known-zero
30;307;Craig GORDON;Scotland;Morocco;0;0;0;0;0;0;0;0;api.fifa.com+derived-known-zero
30;235;Yassine BOUNOU;Morocco;Scotland;1;90;0;0;0;1;0;0;api.fifa.com+espn.com
30;246;Munir EL KAJOUI;Morocco;Scotland;0;0;0;0;0;0;0;0;api.fifa.com+derived-known-zero
30;256;Ahmed Reda TAGNAOUTI;Morocco;Scotland;0;0;0;0;0;0;0;0;api.fifa.com+derived-known-zero
29;209;ALISSON;Brazil;Haiti;1;90;3;0;0;1;0;0;api.fifa.com+espn.com
29;220;WEVERTON;Brazil;Haiti;0;0;0;0;0;0;0;0;api.fifa.com+derived-known-zero
29;231;EDERSON;Brazil;Haiti;0;0;0;0;0;0;0;0;api.fifa.com+derived-known-zero
29;261;Johny Placide;Haiti;Brazil;1;90;2;0;3;0;0;0;api.fifa.com+espn.com
29;272;Alexandre PIERRE;Haiti;Brazil;0;0;0;0;0;0;0;0;api.fifa.com+derived-known-zero
29;283;Josue DUVERGER;Haiti;Brazil;0;0;0;0;0;0;0;0;api.fifa.com+derived-known-zero
32;413;Ugurcan CAKIR;Türkiye;Paraguay;1;91;1;0;1;0;0;0;api.fifa.com+espn.com
32;391;Mert GUNOK;Türkiye;Paraguay;0;0;0;0;0;0;0;0;api.fifa.com+derived-known-zero
32;402;Altay BAYINDIR;Türkiye;Paraguay;0;0;0;0;0;0;0;0;api.fifa.com+derived-known-zero
32;350;Orlando GILL;Paraguay;Türkiye;1;91;5;0;0;1;0;0;api.fifa.com+espn.com
32;339;Gatito FERNANDEZ;Paraguay;Türkiye;0;0;0;0;0;0;0;0;api.fifa.com+derived-known-zero
32;360;Gaston OLVEIRA;Paraguay;Türkiye;0;0;0;0;0;0;0;0;api.fifa.com+derived-known-zero
35;521;Bart Verbruggen;Netherlands;Sweden;1;93;7;0;1;0;0;0;api.fifa.com+espn.com
35;533;Robin ROEFS;Netherlands;Sweden;0;0;0;0;0;0;0;0;api.fifa.com+derived-known-zero
35;543;Mark FLEKKEN;Netherlands;Sweden;0;0;0;0;0;0;0;0;api.fifa.com+derived-known-zero
35;595;Kristoffer NORDFELDT;Sweden;Netherlands;1;93;2;0;5;0;0;0;api.fifa.com+espn.com
35;573;Jacob WIDELL ZETTERSTROM;Sweden;Netherlands;0;0;0;0;0;0;0;0;api.fifa.com+derived-known-zero
35;584;Viktor JOHANSSON;Sweden;Netherlands;0;0;0;0;0;0;0;0;api.fifa.com+derived-known-zero
33;417;Manuel NEUER;Germany;Côte d'Ivoire;1;94;1;0;1;0;0;0;api.fifa.com+espn.com
33;428;Oliver Baumann;Germany;Côte d'Ivoire;0;0;0;0;0;0;0;0;api.fifa.com+derived-known-zero
33;437;Alexander NUEBEL;Germany;Côte d'Ivoire;0;0;0;0;0;0;0;0;api.fifa.com+derived-known-zero
33;469;Yahia Fofana;Côte d'Ivoire;Germany;1;94;5;0;2;0;0;1;api.fifa.com+espn.com
33;484;Mohamed KONE;Côte d'Ivoire;Germany;0;0;0;0;0;0;0;0;api.fifa.com+derived-known-zero
33;491;Alban Lafont;Côte d'Ivoire;Germany;0;0;0;0;0;0;0;0;api.fifa.com+derived-known-zero
34;495;Hernan GALINDEZ;Ecuador;Curaçao;1;91;3;0;0;1;0;0;api.fifa.com+espn.com
34;506;Moises RAMIREZ;Ecuador;Curaçao;0;0;0;0;0;0;0;0;api.fifa.com+derived-known-zero
34;516;Gonzalo VALLE;Ecuador;Curaçao;0;0;0;0;0;0;0;0;api.fifa.com+derived-known-zero
34;443;Eloy ROOM;Curaçao;Ecuador;1;91;15;0;0;1;0;0;api.fifa.com+espn.com
34;467;Tyrick BODAK;Curaçao;Ecuador;0;0;0;0;0;0;0;0;api.fifa.com+derived-known-zero
34;468;Trevor DOORNBUSCH;Curaçao;Ecuador;0;0;0;0;0;0;0;0;api.fifa.com+derived-known-zero
36;614;Aymen DAHMEN;Tunisia;Japan;1;90;1;0;4;0;0;0;api.fifa.com+espn.com
36;599;Mouhib CHAMAKH;Tunisia;Japan;0;0;0;0;0;0;0;0;api.fifa.com+derived-known-zero
36;620;Sabri BEN HESSEN;Tunisia;Japan;0;0;0;0;0;0;0;0;api.fifa.com+derived-known-zero
36;547;Zion Suzuki;Japan;Tunisia;1;90;0;0;0;1;0;0;api.fifa.com+espn.com
36;558;Keisuke OSAKO;Japan;Tunisia;0;0;0;0;0;0;0;0;api.fifa.com+derived-known-zero
36;569;Tomoki HAYAKAWA;Japan;Tunisia;0;0;0;0;0;0;0;0;api.fifa.com+derived-known-zero
39;751;Unai SIMON;Spain;Saudi Arabia;1;90;1;0;0;1;0;0;api.fifa.com+espn.com
39;729;David RAYA;Spain;Saudi Arabia;0;0;0;0;0;0;0;0;api.fifa.com+derived-known-zero
39;741;Joan GARCIA;Spain;Saudi Arabia;0;0;0;0;0;0;0;0;api.fifa.com+derived-known-zero
39;801;MOHAMMED ALOWAIS;Saudi Arabia;Spain;1;90;5;0;4;0;0;0;api.fifa.com+espn.com
39;781;NAWAF ALAQIDI;Saudi Arabia;Spain;0;0;0;0;0;0;0;0;api.fifa.com+derived-known-zero
39;802;AHMED ALKASSAR;Saudi Arabia;Spain;0;0;0;0;0;0;0;0;api.fifa.com+derived-known-zero
37;625;Thibaut COURTOIS;Belgium;IR Iran;1;90;3;0;0;1;0;0;api.fifa.com+espn.com
37;636;Senne LAMMENS;Belgium;IR Iran;0;0;0;0;0;0;0;0;api.fifa.com+derived-known-zero
37;637;Mike PENDERS;Belgium;IR Iran;0;0;0;0;0;0;0;0;api.fifa.com+derived-known-zero
37;677;Alireza BEIRANVAND;IR Iran;Belgium;1;90;7;0;0;1;0;0;api.fifa.com+espn.com
37;688;Payam NIAZMAND;IR Iran;Belgium;0;0;0;0;0;0;0;0;api.fifa.com+derived-known-zero
37;698;Hossein HOSSEINI;IR Iran;Belgium;0;0;0;0;0;0;0;0;api.fifa.com+derived-known-zero
40;829;Fernando MUSLERA;Uruguay;Cabo Verde;1;93;2;0;2;0;0;0;api.fifa.com+espn.com
40;807;Sergio ROCHET;Uruguay;Cabo Verde;0;0;0;0;0;0;0;0;api.fifa.com+derived-known-zero
40;818;Santiago MELE;Uruguay;Cabo Verde;0;0;0;0;0;0;0;0;api.fifa.com+derived-known-zero
40;755;VOZINHA;Cabo Verde;Uruguay;1;93;0;0;2;0;0;0;api.fifa.com+espn.com
40;766;MARCIO ROSA;Cabo Verde;Uruguay;0;0;0;0;0;0;0;0;api.fifa.com+derived-known-zero
40;777;CJ DOS SANTOS;Cabo Verde;Uruguay;0;0;0;0;0;0;0;0;api.fifa.com+derived-known-zero
38;703;Max CROCOMBE;New Zealand;Egypt;1;99;4;0;3;0;0;0;api.fifa.com+espn.com
38;714;Alex PAULSEN;New Zealand;Egypt;0;0;0;0;0;0;0;0;api.fifa.com+derived-known-zero
38;724;Michael WOUD;New Zealand;Egypt;0;0;0;0;0;0;0;0;api.fifa.com+derived-known-zero
38;673;MOSTAFA SHOUBIR;Egypt;New Zealand;1;99;4;0;1;0;0;0;api.fifa.com+espn.com
38;651;MOHAMED ELSHENAWY;Egypt;New Zealand;0;0;0;0;0;0;0;0;api.fifa.com+derived-known-zero
38;666;MAHDY SOLIMAN;Egypt;New Zealand;0;0;0;0;0;0;0;0;api.fifa.com+derived-known-zero
38;676;MOHAMED ALAA;Egypt;New Zealand;0;0;0;0;0;0;0;0;api.fifa.com+derived-known-zero
43;959;Emiliano MARTINEZ;Argentina;Austria;1;95;1;0;0;1;0;0;api.fifa.com+espn.com
43;937;Juan MUSSO;Argentina;Austria;0;0;0;0;0;0;0;0;api.fifa.com+derived-known-zero
43;948;Geronimo RULLI;Argentina;Austria;0;0;0;0;0;0;0;0;api.fifa.com+derived-known-zero
43;989;Alexander SCHLAGER;Austria;Argentina;1;95;2;0;2;0;0;0;api.fifa.com+espn.com
43;1000;Florian WIEGELE;Austria;Argentina;0;0;0;0;0;0;0;0;api.fifa.com+derived-known-zero
43;1001;Patrick PENTZ;Austria;Argentina;0;0;0;0;0;0;0;0;api.fifa.com+derived-known-zero
41;848;Mike MAIGNAN;France;Iraq;1;91;0;0;0;1;0;0;api.fifa.com+espn.com
41;833;Brice SAMBA;France;Iraq;0;0;0;0;0;0;0;0;api.fifa.com+derived-known-zero
41;855;Robin RISSER;France;Iraq;0;0;0;0;0;0;0;0;api.fifa.com+derived-known-zero
41;906;AHMED BASIL;Iraq;France;1;91;2;0;3;0;0;2;api.fifa.com+espn.com
41;885;FAHAD TALIB;Iraq;France;0;0;0;0;0;0;0;0;api.fifa.com+derived-known-zero
41;896;JALAL HASSAN;Iraq;France;0;0;0;0;0;0;0;0;api.fifa.com+derived-known-zero
42;911;Orjan NYLAND;Norway;Senegal;1;93;2;0;2;0;0;0;api.fifa.com+espn.com
42;922;Sander TANGVIK;Norway;Senegal;0;0;0;0;0;0;0;0;api.fifa.com+derived-known-zero
42;923;Egil SELVIK;Norway;Senegal;0;0;0;0;0;0;0;0;api.fifa.com+derived-known-zero
42;874;Edouard MENDY;Senegal;Norway;1;63;3;0;3;0;0;0;api.fifa.com+espn.com
42;859;Yehvann DIOUF;Senegal;Norway;0;0;0;0;0;0;0;0;api.fifa.com+derived-known-zero
42;881;Mory DIAW;Senegal;Norway;0;30;3;0;0;1;0;0;api.fifa.com+espn.com
44;1015;YAZEED ABULAILA;Jordan;Algeria;1;91;6;0;2;0;0;0;api.fifa.com+espn.com
44;1026;NOUR BANIATEYAH;Jordan;Algeria;0;0;0;0;0;0;0;0;api.fifa.com+derived-known-zero
44;1036;ABDALLAH ALFAKHORI;Jordan;Algeria;0;0;0;0;0;0;0;0;api.fifa.com+derived-known-zero
44;985;Luca ZIDANE;Algeria;Jordan;1;91;3;0;1;0;0;0;api.fifa.com+espn.com
44;963;Melvin MASTIL;Algeria;Jordan;0;0;0;0;0;0;0;0;api.fifa.com+derived-known-zero
44;978;Oussama BENBOT;Algeria;Jordan;0;0;0;0;0;0;0;0;api.fifa.com+derived-known-zero
45;1041;DIOGO COSTA;Portugal;Uzbekistan;1;92;2;0;0;1;0;0;api.fifa.com+espn.com
45;1052;JOSE SA;Portugal;Uzbekistan;0;0;0;0;0;0;0;0;api.fifa.com+derived-known-zero
45;1062;RUI SILVA;Portugal;Uzbekistan;0;0;0;0;0;0;0;0;api.fifa.com+derived-known-zero
45;1104;Abduvohid NEMATOV;Uzbekistan;Portugal;1;92;4;0;5;0;0;0;api.fifa.com+espn.com
45;1093;Utkir YUSUPOV;Uzbekistan;Portugal;0;0;0;0;0;0;0;0;api.fifa.com+derived-known-zero
45;1108;Botirali ERGASHEV;Uzbekistan;Portugal;0;0;0;0;0;0;0;0;api.fifa.com+derived-known-zero
47;1145;Jordan PICKFORD;England;Ghana;1;95;0;0;0;1;0;0;api.fifa.com+espn.com
47;1157;Dean Henderson;England;Ghana;0;0;0;0;0;0;0;0;api.fifa.com+derived-known-zero
47;1167;James TRAFFORD;England;Ghana;0;0;0;0;0;0;0;0;api.fifa.com+derived-known-zero
47;1212;Benjamin ASARE;Ghana;England;1;95;3;0;0;1;0;0;api.fifa.com+espn.com
47;1197;Lawrence Ati ZIGI;Ghana;England;0;0;0;0;0;0;0;0;api.fifa.com+derived-known-zero
47;1208;Joseph ANANG;Ghana;England;0;0;0;0;0;0;0;0;api.fifa.com+derived-known-zero
48;1244;Orlando MOSQUERA;Panama;Croatia;1;92;1;0;1;0;0;0;api.fifa.com+espn.com
48;1223;Luis MEJIA;Panama;Croatia;0;0;0;0;0;0;0;0;api.fifa.com+derived-known-zero
48;1234;Cesar SAMUDIO;Panama;Croatia;0;0;0;0;0;0;0;0;api.fifa.com+derived-known-zero
48;1171;Dominik LIVAKOVIC;Croatia;Panama;1;92;1;0;0;1;0;0;api.fifa.com+espn.com
48;1182;Ivor PANDUR;Croatia;Panama;0;0;0;0;0;0;0;0;api.fifa.com+derived-known-zero
48;1193;Dominik KOTARSKI;Croatia;Panama;0;0;0;0;0;0;0;0;api.fifa.com+derived-known-zero
46;1130;Camilo VARGAS;Colombia;Congo DR;1;94;1;0;0;1;0;0;api.fifa.com+espn.com
46;1119;David OSPINA;Colombia;Congo DR;0;0;0;0;0;0;0;0;api.fifa.com+derived-known-zero
46;1142;Alvaro MONTERO;Colombia;Congo DR;0;0;0;0;0;0;0;0;api.fifa.com+derived-known-zero
46;1067;Lionel MPASI;Congo DR;Colombia;1;94;8;0;1;0;0;0;api.fifa.com+espn.com
46;1082;Timothy FAYULU;Congo DR;Colombia;0;0;0;0;0;0;0;0;api.fifa.com+derived-known-zero
46;1087;Matthieu EPOLO;Congo DR;Colombia;0;0;0;0;0;0;0;0;api.fifa.com+derived-known-zero
52;131;Nikola VASILJ;Bosnia and Herzegovina;Qatar;1;90;2;0;1;0;0;0;api.fifa.com+espn.com
52;142;Mladen JURKAS;Bosnia and Herzegovina;Qatar;0;0;0;0;0;0;0;0;api.fifa.com+derived-known-zero
52;152;Martin ZLOMISLIC;Bosnia and Herzegovina;Qatar;0;0;0;0;0;0;0;0;api.fifa.com+derived-known-zero
52;157;MAHMOUD ABUNADA;Qatar;Bosnia and Herzegovina;1;90;3;0;3;0;0;0;api.fifa.com+espn.com
52;177;SALAH ZAKARIA;Qatar;Bosnia and Herzegovina;0;0;0;0;0;0;0;0;api.fifa.com+derived-known-zero
52;178;MESHAAL BARSHAM;Qatar;Bosnia and Herzegovina;0;0;0;0;0;0;0;0;api.fifa.com+derived-known-zero
51;183;Gregor KOBEL;Switzerland;Canada;1;90;6;0;1;0;0;0;api.fifa.com+espn.com
51;194;Yvon MVOGO;Switzerland;Canada;0;0;0;0;0;0;0;0;api.fifa.com+derived-known-zero
51;203;Marvin KELLER;Switzerland;Canada;0;0;0;0;0;0;0;0;api.fifa.com+derived-known-zero
51;120;Maxime CREPEAU;Canada;Switzerland;1;90;2;0;2;0;0;0;api.fifa.com+espn.com
51;105;Dayne ST. CLAIR;Canada;Switzerland;0;0;0;0;0;0;0;0;api.fifa.com+derived-known-zero
51;122;Owen GOODMAN;Canada;Switzerland;0;0;0;0;0;0;0;0;api.fifa.com+derived-known-zero
54;235;Yassine BOUNOU;Morocco;Haiti;1;93;1;0;2;0;0;0;api.fifa.com+espn.com
54;246;Munir EL KAJOUI;Morocco;Haiti;0;0;0;0;0;0;0;0;api.fifa.com+derived-known-zero
54;256;Ahmed Reda TAGNAOUTI;Morocco;Haiti;0;0;0;0;0;0;0;0;api.fifa.com+derived-known-zero
54;261;Johny Placide;Haiti;Morocco;1;93;8;0;4;0;0;0;api.fifa.com+espn.com
54;272;Alexandre PIERRE;Haiti;Morocco;0;0;0;0;0;0;0;0;api.fifa.com+derived-known-zero
54;283;Josue DUVERGER;Haiti;Morocco;0;0;0;0;0;0;0;0;api.fifa.com+derived-known-zero
53;287;Angus Gunn;Scotland;Brazil;1;91;5;0;3;0;0;0;api.fifa.com+espn.com
53;298;Liam KELLY;Scotland;Brazil;0;0;0;0;0;0;0;0;api.fifa.com+derived-known-zero
53;307;Craig GORDON;Scotland;Brazil;0;0;0;0;0;0;0;0;api.fifa.com+derived-known-zero
53;209;ALISSON;Brazil;Scotland;1;91;5;0;0;1;0;0;api.fifa.com+espn.com
53;220;WEVERTON;Brazil;Scotland;0;0;0;0;0;0;0;0;api.fifa.com+derived-known-zero
53;231;EDERSON;Brazil;Scotland;0;0;0;0;0;0;0;0;api.fifa.com+derived-known-zero
50;27;Ronwen WILLIAMS;South Africa;Korea Republic;1;90;2;0;0;1;0;0;api.fifa.com+espn.com
50;42;Sipho CHAINE;South Africa;Korea Republic;0;0;0;0;0;0;0;0;api.fifa.com+derived-known-zero
50;48;Ricardo GOSS;South Africa;Korea Republic;0;0;0;0;0;0;0;0;api.fifa.com+derived-known-zero
50;53;KIM Seunggyu;Korea Republic;South Africa;1;90;3;0;1;0;0;0;api.fifa.com+espn.com
50;64;SONG Bumkeun;Korea Republic;South Africa;0;0;0;0;0;0;0;0;api.fifa.com+derived-known-zero
50;73;JO Hyeonwoo;Korea Republic;South Africa;0;0;0;0;0;0;0;0;api.fifa.com+derived-known-zero
49;79;Matej KOVAR;Czechia;Mexico;1;94;2;0;3;0;0;0;api.fifa.com+espn.com
49;94;Jindrich STANEK;Czechia;Mexico;0;0;0;0;0;0;0;0;api.fifa.com+derived-known-zero
49;101;Lukas HORNICEK;Czechia;Mexico;0;0;0;0;0;0;0;0;api.fifa.com+derived-known-zero
49;1;Raul RANGEL;Mexico;Czechia;1;78;1;0;0;1;0;0;api.fifa.com+espn.com
49;12;Carlos ACEVEDO;Mexico;Czechia;0;0;0;0;0;0;0;0;api.fifa.com+derived-known-zero
49;13;Guillermo OCHOA;Mexico;Czechia;0;16;1;0;0;1;0;0;api.fifa.com+espn.com
58;443;Eloy ROOM;Curaçao;Côte d'Ivoire;1;90;1;0;2;0;0;0;api.fifa.com+espn.com
58;467;Tyrick BODAK;Curaçao;Côte d'Ivoire;0;0;0;0;0;0;0;0;api.fifa.com+derived-known-zero
58;468;Trevor DOORNBUSCH;Curaçao;Côte d'Ivoire;0;0;0;0;0;0;0;0;api.fifa.com+derived-known-zero
58;469;Yahia Fofana;Côte d'Ivoire;Curaçao;1;90;2;0;0;1;0;0;api.fifa.com+espn.com
58;484;Mohamed KONE;Côte d'Ivoire;Curaçao;0;0;0;0;0;0;0;0;api.fifa.com+derived-known-zero
58;491;Alban Lafont;Côte d'Ivoire;Curaçao;0;0;0;0;0;0;0;0;api.fifa.com+derived-known-zero
57;495;Hernan GALINDEZ;Ecuador;Germany;1;90;2;0;1;0;0;0;api.fifa.com+espn.com
57;506;Moises RAMIREZ;Ecuador;Germany;0;0;0;0;0;0;0;0;api.fifa.com+derived-known-zero
57;516;Gonzalo VALLE;Ecuador;Germany;0;0;0;0;0;0;0;0;api.fifa.com+derived-known-zero
57;417;Manuel NEUER;Germany;Ecuador;1;90;1;0;2;0;0;1;api.fifa.com+espn.com
57;428;Oliver Baumann;Germany;Ecuador;0;0;0;0;0;0;0;0;api.fifa.com+derived-known-zero
57;437;Alexander NUEBEL;Germany;Ecuador;0;0;0;0;0;0;0;0;api.fifa.com+derived-known-zero
59;614;Aymen DAHMEN;Tunisia;Netherlands;1;90;4;0;3;0;0;0;api.fifa.com+espn.com
59;599;Mouhib CHAMAKH;Tunisia;Netherlands;0;0;0;0;0;0;0;0;api.fifa.com+derived-known-zero
59;620;Sabri BEN HESSEN;Tunisia;Netherlands;0;0;0;0;0;0;0;0;api.fifa.com+derived-known-zero
59;521;Bart Verbruggen;Netherlands;Tunisia;1;90;3;0;1;0;0;0;api.fifa.com+espn.com
59;533;Robin ROEFS;Netherlands;Tunisia;0;0;0;0;0;0;0;0;api.fifa.com+derived-known-zero
59;543;Mark FLEKKEN;Netherlands;Tunisia;0;0;0;0;0;0;0;0;api.fifa.com+derived-known-zero
60;547;Zion Suzuki;Japan;Sweden;1;90;4;0;1;0;0;1;api.fifa.com+espn.com
60;558;Keisuke OSAKO;Japan;Sweden;0;0;0;0;0;0;0;0;api.fifa.com+derived-known-zero
60;569;Tomoki HAYAKAWA;Japan;Sweden;0;0;0;0;0;0;0;0;api.fifa.com+derived-known-zero
60;573;Jacob WIDELL ZETTERSTROM;Sweden;Japan;1;90;2;0;1;0;0;0;api.fifa.com+espn.com
60;584;Viktor JOHANSSON;Sweden;Japan;0;0;0;0;0;0;0;0;api.fifa.com+derived-known-zero
60;595;Kristoffer NORDFELDT;Sweden;Japan;0;0;0;0;0;0;0;0;api.fifa.com+derived-known-zero
56;350;Orlando GILL;Paraguay;Australia;1;92;5;0;0;1;0;0;api.fifa.com+espn.com
56;339;Gatito FERNANDEZ;Paraguay;Australia;0;0;0;0;0;0;0;0;api.fifa.com+derived-known-zero
56;360;Gaston OLVEIRA;Paraguay;Australia;0;0;0;0;0;0;0;0;api.fifa.com+derived-known-zero
56;382;Patrick BEACH;Australia;Paraguay;1;92;2;0;0;1;0;0;api.fifa.com+espn.com
56;365;Mathew RYAN;Australia;Paraguay;0;0;0;0;0;0;0;0;api.fifa.com+derived-known-zero
56;376;Paul Izzo;Australia;Paraguay;0;0;0;0;0;0;0;0;api.fifa.com+derived-known-zero
55;413;Ugurcan CAKIR;Türkiye;USA;1;98;5;0;2;0;0;0;api.fifa.com+espn.com
55;391;Mert GUNOK;Türkiye;USA;0;0;0;0;0;0;0;0;api.fifa.com+derived-known-zero
55;402;Altay BAYINDIR;Türkiye;USA;0;0;0;0;0;0;0;0;api.fifa.com+derived-known-zero
55;313;Matt TURNER;USA;Türkiye;1;98;0;0;3;0;0;0;api.fifa.com+espn.com
55;336;Matt FREESE;USA;Türkiye;0;0;0;0;0;0;0;0;api.fifa.com+derived-known-zero
55;337;Chris BRADY;USA;Türkiye;0;0;0;0;0;0;0;0;api.fifa.com+derived-known-zero
66;881;Mory DIAW;Senegal;Iraq;1;90;1;0;0;1;0;0;api.fifa.com+espn.com
66;859;Yehvann DIOUF;Senegal;Iraq;0;0;0;0;0;0;0;0;api.fifa.com+derived-known-zero
66;906;AHMED BASIL;Iraq;Senegal;1;90;1;0;5;0;0;1;api.fifa.com+espn.com
66;885;FAHAD TALIB;Iraq;Senegal;0;0;0;0;0;0;0;0;api.fifa.com+derived-known-zero
66;896;JALAL HASSAN;Iraq;Senegal;0;44;0;0;0;0;0;1;api.fifa.com+derived-known-zero
65;923;Egil SELVIK;Norway;France;1;94;5;0;4;0;0;0;api.fifa.com+espn.com
65;911;Orjan NYLAND;Norway;France;0;0;0;0;0;0;0;0;api.fifa.com+derived-known-zero
65;922;Sander TANGVIK;Norway;France;0;0;0;0;0;0;0;0;api.fifa.com+derived-known-zero
65;848;Mike MAIGNAN;France;Norway;1;94;3;0;1;0;0;0;api.fifa.com+espn.com
65;833;Brice SAMBA;France;Norway;0;0;0;0;0;0;0;0;api.fifa.com+derived-known-zero
65;855;Robin RISSER;France;Norway;0;0;0;0;0;0;0;0;api.fifa.com+derived-known-zero
63;829;Fernando MUSLERA;Uruguay;Spain;1;94;0;0;1;0;0;0;api.fifa.com+espn.com
63;807;Sergio ROCHET;Uruguay;Spain;0;44;0;0;0;0;0;0;api.fifa.com+derived-known-zero
63;818;Santiago MELE;Uruguay;Spain;0;0;0;0;0;0;0;0;api.fifa.com+derived-known-zero
63;751;Unai SIMON;Spain;Uruguay;1;94;2;0;0;1;0;0;api.fifa.com+espn.com
63;729;David RAYA;Spain;Uruguay;0;0;0;0;0;0;0;0;api.fifa.com+derived-known-zero
63;741;Joan GARCIA;Spain;Uruguay;0;0;0;0;0;0;0;0;api.fifa.com+derived-known-zero
64;755;VOZINHA;Cabo Verde;Saudi Arabia;1;94;3;0;0;1;0;0;api.fifa.com+espn.com
64;766;MARCIO ROSA;Cabo Verde;Saudi Arabia;0;0;0;0;0;0;0;0;api.fifa.com+derived-known-zero
64;777;CJ DOS SANTOS;Cabo Verde;Saudi Arabia;0;0;0;0;0;0;0;0;api.fifa.com+derived-known-zero
64;801;MOHAMMED ALOWAIS;Saudi Arabia;Cabo Verde;1;94;2;0;0;1;0;0;api.fifa.com+espn.com
64;781;NAWAF ALAQIDI;Saudi Arabia;Cabo Verde;0;0;0;0;0;0;0;0;api.fifa.com+derived-known-zero
64;802;AHMED ALKASSAR;Saudi Arabia;Cabo Verde;0;0;0;0;0;0;0;0;api.fifa.com+derived-known-zero
61;703;Max CROCOMBE;New Zealand;Belgium;1;94;5;0;5;0;0;1;api.fifa.com+espn.com
61;714;Alex PAULSEN;New Zealand;Belgium;0;0;0;0;0;0;0;0;api.fifa.com+derived-known-zero
61;724;Michael WOUD;New Zealand;Belgium;0;0;0;0;0;0;0;0;api.fifa.com+derived-known-zero
61;625;Thibaut COURTOIS;Belgium;New Zealand;1;94;1;0;1;0;0;0;api.fifa.com+espn.com
61;636;Senne LAMMENS;Belgium;New Zealand;0;0;0;0;0;0;0;0;api.fifa.com+derived-known-zero
61;637;Mike PENDERS;Belgium;New Zealand;0;0;0;0;0;0;0;0;api.fifa.com+derived-known-zero
62;673;MOSTAFA SHOUBIR;Egypt;IR Iran;1;94;2;0;1;0;0;0;api.fifa.com+espn.com
62;651;MOHAMED ELSHENAWY;Egypt;IR Iran;0;0;0;0;0;0;0;0;api.fifa.com+derived-known-zero
62;666;MAHDY SOLIMAN;Egypt;IR Iran;0;0;0;0;0;0;0;0;api.fifa.com+derived-known-zero
62;676;MOHAMED ALAA;Egypt;IR Iran;0;0;0;0;0;0;0;0;api.fifa.com+derived-known-zero
62;677;Alireza BEIRANVAND;IR Iran;Egypt;1;94;2;0;1;0;0;1;api.fifa.com+espn.com
62;688;Payam NIAZMAND;IR Iran;Egypt;0;0;0;0;0;0;0;0;api.fifa.com+derived-known-zero
62;698;Hossein HOSSEINI;IR Iran;Egypt;0;0;0;0;0;0;0;0;api.fifa.com+derived-known-zero
71;1244;Orlando MOSQUERA;Panama;England;1;90;4;0;2;0;0;0;api.fifa.com+espn.com
71;1223;Luis MEJIA;Panama;England;0;0;0;0;0;0;0;0;api.fifa.com+derived-known-zero
71;1234;Cesar SAMUDIO;Panama;England;0;0;0;0;0;0;0;0;api.fifa.com+derived-known-zero
71;1145;Jordan PICKFORD;England;Panama;1;90;2;0;0;1;0;1;api.fifa.com+espn.com
71;1157;Dean Henderson;England;Panama;0;0;0;0;0;0;0;0;api.fifa.com+derived-known-zero
71;1167;James TRAFFORD;England;Panama;0;0;0;0;0;0;0;0;api.fifa.com+derived-known-zero
72;1171;Dominik LIVAKOVIC;Croatia;Ghana;1;94;0;0;1;0;0;0;api.fifa.com+espn.com
72;1182;Ivor PANDUR;Croatia;Ghana;0;0;0;0;0;0;0;0;api.fifa.com+derived-known-zero
72;1193;Dominik KOTARSKI;Croatia;Ghana;0;0;0;0;0;0;0;0;api.fifa.com+derived-known-zero
72;1212;Benjamin ASARE;Ghana;Croatia;1;94;2;0;2;0;0;0;api.fifa.com+espn.com
72;1197;Lawrence Ati ZIGI;Ghana;Croatia;0;0;0;0;0;0;0;0;api.fifa.com+derived-known-zero
72;1208;Joseph ANANG;Ghana;Croatia;0;0;0;0;0;0;0;0;api.fifa.com+derived-known-zero
70;1067;Lionel MPASI;Congo DR;Uzbekistan;1;91;1;0;1;0;0;0;api.fifa.com+espn.com
70;1082;Timothy FAYULU;Congo DR;Uzbekistan;0;0;0;0;0;0;0;0;api.fifa.com+derived-known-zero
70;1087;Matthieu EPOLO;Congo DR;Uzbekistan;0;0;0;0;0;0;0;0;api.fifa.com+derived-known-zero
70;1104;Abduvohid NEMATOV;Uzbekistan;Congo DR;1;91;1;0;3;0;0;0;api.fifa.com+espn.com
70;1093;Utkir YUSUPOV;Uzbekistan;Congo DR;0;0;0;0;0;0;0;0;api.fifa.com+derived-known-zero
70;1108;Botirali ERGASHEV;Uzbekistan;Congo DR;0;0;0;0;0;0;0;0;api.fifa.com+derived-known-zero
69;1130;Camilo VARGAS;Colombia;Portugal;1;92;2;0;0;1;0;0;api.fifa.com+espn.com
69;1119;David OSPINA;Colombia;Portugal;0;0;0;0;0;0;0;0;api.fifa.com+derived-known-zero
69;1142;Alvaro MONTERO;Colombia;Portugal;0;0;0;0;0;0;0;0;api.fifa.com+derived-known-zero
69;1041;DIOGO COSTA;Portugal;Colombia;1;92;6;0;0;1;0;1;api.fifa.com+espn.com
69;1052;JOSE SA;Portugal;Colombia;0;0;0;0;0;0;0;0;api.fifa.com+derived-known-zero
69;1062;RUI SILVA;Portugal;Colombia;0;0;0;0;0;0;0;0;api.fifa.com+derived-known-zero
68;978;Oussama BENBOT;Algeria;Austria;1;96;0;0;3;0;0;0;api.fifa.com+espn.com
68;963;Melvin MASTIL;Algeria;Austria;0;0;0;0;0;0;0;0;api.fifa.com+derived-known-zero
68;985;Luca ZIDANE;Algeria;Austria;0;0;0;0;0;0;0;0;api.fifa.com+derived-known-zero
68;989;Alexander SCHLAGER;Austria;Algeria;1;96;2;0;3;0;0;0;api.fifa.com+espn.com
68;1000;Florian WIEGELE;Austria;Algeria;0;0;0;0;0;0;0;0;api.fifa.com+derived-known-zero
68;1001;Patrick PENTZ;Austria;Algeria;0;0;0;0;0;0;0;0;api.fifa.com+derived-known-zero
67;1015;YAZEED ABULAILA;Jordan;Argentina;1;94;1;0;3;0;0;0;api.fifa.com+espn.com
67;1026;NOUR BANIATEYAH;Jordan;Argentina;0;0;0;0;0;0;0;0;api.fifa.com+derived-known-zero
67;1036;ABDALLAH ALFAKHORI;Jordan;Argentina;0;0;0;0;0;0;0;0;api.fifa.com+derived-known-zero
67;959;Emiliano MARTINEZ;Argentina;Jordan;1;94;0;0;1;0;0;0;api.fifa.com+espn.com
67;937;Juan MUSSO;Argentina;Jordan;0;0;0;0;0;0;0;0;api.fifa.com+derived-known-zero
67;948;Geronimo RULLI;Argentina;Jordan;0;0;0;0;0;0;0;0;api.fifa.com+derived-known-zero
73;27;Ronwen WILLIAMS;South Africa;Canada;1;92;5;0;1;0;0;0;api.fifa.com+espn.com
73;42;Sipho CHAINE;South Africa;Canada;0;0;0;0;0;0;0;0;api.fifa.com+derived-known-zero
73;48;Ricardo GOSS;South Africa;Canada;0;0;0;0;0;0;0;0;api.fifa.com+derived-known-zero
73;120;Maxime CREPEAU;Canada;South Africa;1;92;1;0;0;1;0;0;api.fifa.com+espn.com
73;105;Dayne ST. CLAIR;Canada;South Africa;0;0;0;0;0;0;0;0;api.fifa.com+derived-known-zero
73;122;Owen GOODMAN;Canada;South Africa;0;0;0;0;0;0;0;0;api.fifa.com+derived-known-zero
74;209;ALISSON;Brazil;Japan;1;97;1;0;1;0;0;0;api.fifa.com+espn.com
74;220;WEVERTON;Brazil;Japan;0;0;0;0;0;0;0;0;api.fifa.com+derived-known-zero
74;231;EDERSON;Brazil;Japan;0;0;0;0;0;0;0;0;api.fifa.com+derived-known-zero
74;547;Zion Suzuki;Japan;Brazil;1;97;4;0;2;0;0;1;api.fifa.com+espn.com
74;558;Keisuke OSAKO;Japan;Brazil;0;0;0;0;0;0;0;0;api.fifa.com+derived-known-zero
74;569;Tomoki HAYAKAWA;Japan;Brazil;0;0;0;0;0;0;0;0;api.fifa.com+derived-known-zero
75;417;Manuel NEUER;Germany;Paraguay;1;122;2;0;1;0;0;0;api.fifa.com+espn.com
75;428;Oliver Baumann;Germany;Paraguay;0;0;0;0;0;0;0;0;api.fifa.com+derived-known-zero
75;437;Alexander NUEBEL;Germany;Paraguay;0;0;0;0;0;0;0;0;api.fifa.com+derived-known-zero
75;350;Orlando GILL;Paraguay;Germany;1;122;6;0;1;0;0;0;api.fifa.com+espn.com
75;339;Gatito FERNANDEZ;Paraguay;Germany;0;0;0;0;0;0;0;0;api.fifa.com+derived-known-zero
75;360;Gaston OLVEIRA;Paraguay;Germany;0;0;0;0;0;0;0;0;api.fifa.com+derived-known-zero
76;521;Bart Verbruggen;Netherlands;Morocco;1;120;5;0;1;0;0;0;api.fifa.com+espn.com
76;533;Robin ROEFS;Netherlands;Morocco;0;0;0;0;0;0;0;0;api.fifa.com+derived-known-zero
76;543;Mark FLEKKEN;Netherlands;Morocco;0;0;0;0;0;0;0;0;api.fifa.com+derived-known-zero
76;235;Yassine BOUNOU;Morocco;Netherlands;1;120;1;0;1;0;0;0;api.fifa.com+espn.com
76;246;Munir EL KAJOUI;Morocco;Netherlands;0;0;0;0;0;0;0;0;api.fifa.com+derived-known-zero
76;256;Ahmed Reda TAGNAOUTI;Morocco;Netherlands;0;0;0;0;0;0;0;0;api.fifa.com+derived-known-zero
77;469;Yahia Fofana;Côte d'Ivoire;Norway;1;93;1;0;2;0;0;0;api.fifa.com+espn.com
77;484;Mohamed KONE;Côte d'Ivoire;Norway;0;0;0;0;0;0;0;0;api.fifa.com+derived-known-zero
77;491;Alban Lafont;Côte d'Ivoire;Norway;0;0;0;0;0;0;0;0;api.fifa.com+derived-known-zero
77;911;Orjan NYLAND;Norway;Côte d'Ivoire;1;93;4;0;1;0;0;0;api.fifa.com+espn.com
77;922;Sander TANGVIK;Norway;Côte d'Ivoire;0;0;0;0;0;0;0;0;api.fifa.com+derived-known-zero
77;923;Egil SELVIK;Norway;Côte d'Ivoire;0;0;0;0;0;0;0;0;api.fifa.com+derived-known-zero
78;848;Mike MAIGNAN;France;Sweden;1;90;3;0;0;1;0;0;api.fifa.com+espn.com
78;833;Brice SAMBA;France;Sweden;0;0;0;0;0;0;0;0;api.fifa.com+derived-known-zero
78;855;Robin RISSER;France;Sweden;0;0;0;0;0;0;0;0;api.fifa.com+derived-known-zero
78;573;Jacob WIDELL ZETTERSTROM;Sweden;France;1;90;9;0;3;0;0;0;api.fifa.com+espn.com
78;584;Viktor JOHANSSON;Sweden;France;0;0;0;0;0;0;0;0;api.fifa.com+derived-known-zero
78;595;Kristoffer NORDFELDT;Sweden;France;0;0;0;0;0;0;0;0;api.fifa.com+derived-known-zero
79;1;Raul RANGEL;Mexico;Ecuador;1;99;1;0;0;1;0;0;api.fifa.com+espn.com
79;12;Carlos ACEVEDO;Mexico;Ecuador;0;0;0;0;0;0;0;0;api.fifa.com+derived-known-zero
79;13;Guillermo OCHOA;Mexico;Ecuador;0;0;0;0;0;0;0;0;api.fifa.com+derived-known-zero
79;495;Hernan GALINDEZ;Ecuador;Mexico;1;99;1;0;2;0;0;0;api.fifa.com+espn.com
79;506;Moises RAMIREZ;Ecuador;Mexico;0;0;0;0;0;0;0;0;api.fifa.com+derived-known-zero
79;516;Gonzalo VALLE;Ecuador;Mexico;0;0;0;0;0;0;0;0;api.fifa.com+derived-known-zero
80;1145;Jordan PICKFORD;England;Congo DR;1;91;1;0;1;0;0;0;api.fifa.com+espn.com
80;1157;Dean Henderson;England;Congo DR;0;0;0;0;0;0;0;0;api.fifa.com+derived-known-zero
80;1167;James TRAFFORD;England;Congo DR;0;0;0;0;0;0;0;0;api.fifa.com+derived-known-zero
80;1067;Lionel MPASI;Congo DR;England;1;91;5;0;2;0;0;1;api.fifa.com+espn.com
80;1082;Timothy FAYULU;Congo DR;England;0;0;0;0;0;0;0;0;api.fifa.com+derived-known-zero
80;1087;Matthieu EPOLO;Congo DR;England;0;0;0;0;0;0;0;0;api.fifa.com+derived-known-zero
81;625;Thibaut COURTOIS;Belgium;Senegal;1;125;3;0;2;0;0;0;api.fifa.com+espn.com
81;636;Senne LAMMENS;Belgium;Senegal;0;0;0;0;0;0;0;0;api.fifa.com+derived-known-zero
81;637;Mike PENDERS;Belgium;Senegal;0;0;0;0;0;0;0;0;api.fifa.com+derived-known-zero
81;881;Mory DIAW;Senegal;Belgium;1;125;3;0;3;0;0;0;api.fifa.com+espn.com
81;859;Yehvann DIOUF;Senegal;Belgium;0;0;0;0;0;0;0;0;api.fifa.com+derived-known-zero
82;336;Matt FREESE;USA;Bosnia and Herzegovina;1;95;3;0;0;1;0;0;api.fifa.com+espn.com
82;313;Matt TURNER;USA;Bosnia and Herzegovina;0;0;0;0;0;0;0;0;api.fifa.com+derived-known-zero
82;337;Chris BRADY;USA;Bosnia and Herzegovina;0;0;0;0;0;0;0;0;api.fifa.com+derived-known-zero
82;131;Nikola VASILJ;Bosnia and Herzegovina;USA;1;95;0;0;2;0;0;1;api.fifa.com+espn.com
82;142;Mladen JURKAS;Bosnia and Herzegovina;USA;0;0;0;0;0;0;0;0;api.fifa.com+derived-known-zero
82;152;Martin ZLOMISLIC;Bosnia and Herzegovina;USA;0;0;0;0;0;0;0;0;api.fifa.com+derived-known-zero
83;751;Unai SIMON;Spain;Austria;1;93;0;0;0;1;0;0;api.fifa.com+espn.com
83;729;David RAYA;Spain;Austria;0;0;0;0;0;0;0;0;api.fifa.com+derived-known-zero
83;741;Joan GARCIA;Spain;Austria;0;0;0;0;0;0;0;0;api.fifa.com+derived-known-zero
83;989;Alexander SCHLAGER;Austria;Spain;1;93;6;0;3;0;0;1;api.fifa.com+espn.com
83;1000;Florian WIEGELE;Austria;Spain;0;0;0;0;0;0;0;0;api.fifa.com+derived-known-zero
83;1001;Patrick PENTZ;Austria;Spain;0;0;0;0;0;0;0;0;api.fifa.com+derived-known-zero
84;1041;DIOGO COSTA;Portugal;Croatia;1;98;5;0;1;0;0;0;api.fifa.com+espn.com
84;1052;JOSE SA;Portugal;Croatia;0;0;0;0;0;0;0;0;api.fifa.com+derived-known-zero
84;1062;RUI SILVA;Portugal;Croatia;0;0;0;0;0;0;0;0;api.fifa.com+derived-known-zero
84;1171;Dominik LIVAKOVIC;Croatia;Portugal;1;98;2;0;2;0;0;1;api.fifa.com+espn.com
84;1182;Ivor PANDUR;Croatia;Portugal;0;0;0;0;0;0;0;0;api.fifa.com+derived-known-zero
84;1193;Dominik KOTARSKI;Croatia;Portugal;0;0;0;0;0;0;0;0;api.fifa.com+derived-known-zero
85;183;Gregor KOBEL;Switzerland;Algeria;1;90;2;0;0;1;0;0;api.fifa.com+espn.com
85;194;Yvon MVOGO;Switzerland;Algeria;0;0;0;0;0;0;0;0;api.fifa.com+derived-known-zero
85;203;Marvin KELLER;Switzerland;Algeria;0;0;0;0;0;0;0;0;api.fifa.com+derived-known-zero
85;985;Luca ZIDANE;Algeria;Switzerland;1;90;2;0;2;0;0;0;api.fifa.com+espn.com
85;963;Melvin MASTIL;Algeria;Switzerland;0;0;0;0;0;0;0;0;api.fifa.com+derived-known-zero
85;978;Oussama BENBOT;Algeria;Switzerland;0;0;0;0;0;0;0;0;api.fifa.com+derived-known-zero
86;382;Patrick BEACH;Australia;Egypt;1;119;3;0;1;0;0;0;api.fifa.com+espn.com
86;365;Mathew RYAN;Australia;Egypt;0;2;3;0;0;1;0;0;api.fifa.com+espn.com
86;376;Paul Izzo;Australia;Egypt;0;0;0;0;0;0;0;0;api.fifa.com+derived-known-zero
86;673;MOSTAFA SHOUBIR;Egypt;Australia;1;121;1;0;1;0;0;0;api.fifa.com+espn.com
86;651;MOHAMED ELSHENAWY;Egypt;Australia;0;0;0;0;0;0;0;0;api.fifa.com+derived-known-zero
86;666;MAHDY SOLIMAN;Egypt;Australia;0;0;0;0;0;0;0;0;api.fifa.com+derived-known-zero
86;676;MOHAMED ALAA;Egypt;Australia;0;0;0;0;0;0;0;0;api.fifa.com+derived-known-zero
87;959;Emiliano MARTINEZ;Argentina;Cabo Verde;1;120;3;0;2;0;0;0;api.fifa.com+espn.com
87;937;Juan MUSSO;Argentina;Cabo Verde;0;0;0;0;0;0;0;0;api.fifa.com+derived-known-zero
87;948;Geronimo RULLI;Argentina;Cabo Verde;0;0;0;0;0;0;0;0;api.fifa.com+derived-known-zero
87;755;VOZINHA;Cabo Verde;Argentina;1;120;8;0;3;0;0;0;api.fifa.com+espn.com
87;766;MARCIO ROSA;Cabo Verde;Argentina;0;0;0;0;0;0;0;0;api.fifa.com+derived-known-zero
87;777;CJ DOS SANTOS;Cabo Verde;Argentina;0;0;0;0;0;0;0;0;api.fifa.com+derived-known-zero
88;1130;Camilo VARGAS;Colombia;Ghana;1;90;0;0;0;1;0;0;api.fifa.com+espn.com
88;1119;David OSPINA;Colombia;Ghana;0;0;0;0;0;0;0;0;api.fifa.com+derived-known-zero
88;1142;Alvaro MONTERO;Colombia;Ghana;0;0;0;0;0;0;0;0;api.fifa.com+derived-known-zero
88;1197;Lawrence Ati ZIGI;Ghana;Colombia;1;90;7;0;1;0;0;0;api.fifa.com+espn.com
88;1208;Joseph ANANG;Ghana;Colombia;0;0;0;0;0;0;0;0;api.fifa.com+derived-known-zero
88;1212;Benjamin ASARE;Ghana;Colombia;0;0;0;0;0;0;0;0;api.fifa.com+derived-known-zero
90;120;Maxime CREPEAU;Canada;Morocco;1;98;1;0;3;0;0;0;api.fifa.com+espn.com
90;105;Dayne ST. CLAIR;Canada;Morocco;0;0;0;0;0;0;0;0;api.fifa.com+derived-known-zero
90;122;Owen GOODMAN;Canada;Morocco;0;0;0;0;0;0;0;0;api.fifa.com+derived-known-zero
90;235;Yassine BOUNOU;Morocco;Canada;1;98;3;0;0;1;0;2;api.fifa.com+espn.com
90;246;Munir EL KAJOUI;Morocco;Canada;0;0;0;0;0;0;0;0;api.fifa.com+derived-known-zero
90;256;Ahmed Reda TAGNAOUTI;Morocco;Canada;0;0;0;0;0;0;0;0;api.fifa.com+derived-known-zero
89;350;Orlando GILL;Paraguay;France;1;97;4;0;1;0;0;0;api.fifa.com+espn.com
89;339;Gatito FERNANDEZ;Paraguay;France;0;0;0;0;0;0;0;0;api.fifa.com+derived-known-zero
89;360;Gaston OLVEIRA;Paraguay;France;0;0;0;0;0;0;0;0;api.fifa.com+derived-known-zero
89;848;Mike MAIGNAN;France;Paraguay;1;97;0;0;0;1;0;0;api.fifa.com+espn.com
89;833;Brice SAMBA;France;Paraguay;0;0;0;0;0;0;0;0;api.fifa.com+derived-known-zero
89;855;Robin RISSER;France;Paraguay;0;0;0;0;0;0;0;0;api.fifa.com+derived-known-zero
91;209;ALISSON;Brazil;Norway;1;100;3;0;2;0;0;0;api.fifa.com+espn.com
91;220;WEVERTON;Brazil;Norway;0;0;0;0;0;0;0;0;api.fifa.com+derived-known-zero
91;231;EDERSON;Brazil;Norway;0;0;0;0;0;0;0;0;api.fifa.com+derived-known-zero
91;911;Orjan NYLAND;Norway;Brazil;1;100;4;0;1;0;0;0;api.fifa.com+espn.com
91;922;Sander TANGVIK;Norway;Brazil;0;0;0;0;0;0;0;0;api.fifa.com+derived-known-zero
91;923;Egil SELVIK;Norway;Brazil;0;0;0;0;0;0;0;0;api.fifa.com+derived-known-zero
92;1;Raul RANGEL;Mexico;England;1;98;2;0;3;0;0;1;api.fifa.com+espn.com
92;12;Carlos ACEVEDO;Mexico;England;0;0;0;0;0;0;0;0;api.fifa.com+derived-known-zero
92;13;Guillermo OCHOA;Mexico;England;0;0;0;0;0;0;0;0;api.fifa.com+derived-known-zero
92;1145;Jordan PICKFORD;England;Mexico;1;98;3;0;2;0;0;0;api.fifa.com+espn.com
92;1157;Dean Henderson;England;Mexico;0;0;0;0;0;0;0;0;api.fifa.com+derived-known-zero
92;1167;James TRAFFORD;England;Mexico;0;0;0;0;0;0;0;0;api.fifa.com+derived-known-zero
93;1041;DIOGO COSTA;Portugal;Spain;1;98;5;0;1;0;0;0;api.fifa.com+espn.com
93;1052;JOSE SA;Portugal;Spain;0;0;0;0;0;0;0;0;api.fifa.com+derived-known-zero
93;1062;RUI SILVA;Portugal;Spain;0;0;0;0;0;0;0;0;api.fifa.com+derived-known-zero
93;751;Unai SIMON;Spain;Portugal;1;98;2;0;0;1;0;0;api.fifa.com+espn.com
93;729;David RAYA;Spain;Portugal;0;0;0;0;0;0;0;0;api.fifa.com+derived-known-zero
93;741;Joan GARCIA;Spain;Portugal;0;0;0;0;0;0;0;0;api.fifa.com+derived-known-zero
94;336;Matt FREESE;USA;Belgium;1;93;3;0;4;0;0;0;api.fifa.com+espn.com
94;313;Matt TURNER;USA;Belgium;0;0;0;0;0;0;0;0;api.fifa.com+derived-known-zero
94;337;Chris BRADY;USA;Belgium;0;0;0;0;0;0;0;0;api.fifa.com+derived-known-zero
94;625;Thibaut COURTOIS;Belgium;USA;1;93;1;0;1;0;0;0;api.fifa.com+espn.com
94;636;Senne LAMMENS;Belgium;USA;0;0;0;0;0;0;0;0;api.fifa.com+derived-known-zero
94;637;Mike PENDERS;Belgium;USA;0;0;0;0;0;0;0;0;api.fifa.com+derived-known-zero
95;959;Emiliano MARTINEZ;Argentina;Egypt;1;99;0;0;2;0;0;0;api.fifa.com+espn.com
95;937;Juan MUSSO;Argentina;Egypt;0;0;0;0;0;0;0;0;api.fifa.com+derived-known-zero
95;948;Geronimo RULLI;Argentina;Egypt;0;0;0;0;0;0;0;0;api.fifa.com+derived-known-zero
95;673;MOSTAFA SHOUBIR;Egypt;Argentina;1;99;4;0;3;0;0;0;api.fifa.com+espn.com
95;651;MOHAMED ELSHENAWY;Egypt;Argentina;0;0;0;0;0;0;0;0;api.fifa.com+derived-known-zero
95;666;MAHDY SOLIMAN;Egypt;Argentina;0;0;0;0;0;0;0;0;api.fifa.com+derived-known-zero
95;676;MOHAMED ALAA;Egypt;Argentina;0;0;0;0;0;0;0;0;api.fifa.com+derived-known-zero
96;183;Gregor KOBEL;Switzerland;Colombia;1;120;3;0;0;1;0;0;api.fifa.com+espn.com
96;194;Yvon MVOGO;Switzerland;Colombia;0;0;0;0;0;0;0;0;api.fifa.com+derived-known-zero
96;203;Marvin KELLER;Switzerland;Colombia;0;0;0;0;0;0;0;0;api.fifa.com+derived-known-zero
96;1130;Camilo VARGAS;Colombia;Switzerland;1;120;2;0;0;1;0;0;api.fifa.com+espn.com
96;1119;David OSPINA;Colombia;Switzerland;0;0;0;0;0;0;0;0;api.fifa.com+derived-known-zero
96;1142;Alvaro MONTERO;Colombia;Switzerland;0;0;0;0;0;0;0;0;api.fifa.com+derived-known-zero
97;848;Mike MAIGNAN;France;Morocco;1;90;1;0;0;1;0;0;api.fifa.com+espn.com
97;833;Brice SAMBA;France;Morocco;0;0;0;0;0;0;0;0;api.fifa.com+derived-known-zero
97;855;Robin RISSER;France;Morocco;0;0;0;0;0;0;0;0;api.fifa.com+derived-known-zero
97;235;Yassine BOUNOU;Morocco;France;1;90;6;0;2;0;0;0;api.fifa.com+espn.com
97;246;Munir EL KAJOUI;Morocco;France;0;0;0;0;0;0;0;0;api.fifa.com+derived-known-zero
97;256;Ahmed Reda TAGNAOUTI;Morocco;France;0;0;0;0;0;0;0;0;api.fifa.com+derived-known-zero
98;751;Unai SIMON;Spain;Belgium;1;95;1;0;1;0;0;0;api.fifa.com+espn.com
98;729;David RAYA;Spain;Belgium;0;0;0;0;0;0;0;0;api.fifa.com+derived-known-zero
98;741;Joan GARCIA;Spain;Belgium;0;0;0;0;0;0;0;0;api.fifa.com+derived-known-zero
98;625;Thibaut COURTOIS;Belgium;Spain;1;71;4;0;1;0;0;0;api.fifa.com+espn.com
98;636;Senne LAMMENS;Belgium;Spain;0;24;4;0;1;0;0;0;api.fifa.com+espn.com
98;637;Mike PENDERS;Belgium;Spain;0;0;0;0;0;0;0;0;api.fifa.com+derived-known-zero
99;911;Orjan NYLAND;Norway;England;1;120;6;0;2;0;0;0;api.fifa.com+espn.com
99;922;Sander TANGVIK;Norway;England;0;0;0;0;0;0;0;0;api.fifa.com+derived-known-zero
99;923;Egil SELVIK;Norway;England;0;0;0;0;0;0;0;0;api.fifa.com+derived-known-zero
99;1145;Jordan PICKFORD;England;Norway;1;120;3;0;1;0;0;0;api.fifa.com+espn.com
99;1157;Dean Henderson;England;Norway;0;0;0;0;0;0;0;0;api.fifa.com+derived-known-zero
99;1167;James TRAFFORD;England;Norway;0;0;0;0;0;0;0;0;api.fifa.com+derived-known-zero
100;959;Emiliano MARTINEZ;Argentina;Switzerland;1;121;4;0;1;0;0;0;api.fifa.com+espn.com
100;937;Juan MUSSO;Argentina;Switzerland;0;0;0;0;0;0;0;0;api.fifa.com+derived-known-zero
100;948;Geronimo RULLI;Argentina;Switzerland;0;0;0;0;0;0;0;0;api.fifa.com+derived-known-zero
100;183;Gregor KOBEL;Switzerland;Argentina;1;121;4;0;3;0;0;0;api.fifa.com+espn.com
100;194;Yvon MVOGO;Switzerland;Argentina;0;0;0;0;0;0;0;0;api.fifa.com+derived-known-zero
100;203;Marvin KELLER;Switzerland;Argentina;0;0;0;0;0;0;0;0;api.fifa.com+derived-known-zero
101;848;Mike MAIGNAN;France;Spain;1;90;0;0;2;0;0;0;api.fifa.com+espn.com
101;833;Brice SAMBA;France;Spain;0;0;0;0;0;0;0;0;api.fifa.com+derived-known-zero
101;855;Robin RISSER;France;Spain;0;0;0;0;0;0;0;0;api.fifa.com+derived-known-zero
101;751;Unai SIMON;Spain;France;1;90;3;0;0;1;0;0;api.fifa.com+espn.com
101;729;David RAYA;Spain;France;0;0;0;0;0;0;0;0;api.fifa.com+derived-known-zero
101;741;Joan GARCIA;Spain;France;0;0;0;0;0;0;0;0;api.fifa.com+derived-known-zero
102;1145;Jordan PICKFORD;England;Argentina;1;96;3;0;2;0;0;0;api.fifa.com+espn.com
102;1157;Dean Henderson;England;Argentina;0;0;0;0;0;0;0;0;api.fifa.com+derived-known-zero
102;1167;James TRAFFORD;England;Argentina;0;0;0;0;0;0;0;0;api.fifa.com+derived-known-zero
102;959;Emiliano MARTINEZ;Argentina;England;1;96;1;0;1;0;0;0;api.fifa.com+espn.com
102;937;Juan MUSSO;Argentina;England;0;0;0;0;0;0;0;0;api.fifa.com+derived-known-zero
102;948;Geronimo RULLI;Argentina;England;0;0;0;0;0;0;0;0;api.fifa.com+derived-known-zero
103;848;Mike MAIGNAN;France;England;1;98;4;0;6;0;0;0;api.fifa.com+espn.com
103;833;Brice SAMBA;France;England;0;0;0;0;0;0;0;0;api.fifa.com+derived-known-zero
103;855;Robin RISSER;France;England;0;0;0;0;0;0;0;0;api.fifa.com+derived-known-zero
103;1157;Dean Henderson;England;France;1;98;5;0;4;0;0;0;api.fifa.com+espn.com
103;1145;Jordan PICKFORD;England;France;0;0;0;0;0;0;0;0;api.fifa.com+derived-known-zero
103;1167;James TRAFFORD;England;France;0;0;0;0;0;0;0;0;api.fifa.com+derived-known-zero
104;751;Unai SIMON;Spain;Argentina;1;120;0;0;0;1;0;0;api.fifa.com+espn.com
104;729;David RAYA;Spain;Argentina;0;0;0;0;0;0;0;0;api.fifa.com+derived-known-zero
104;741;Joan GARCIA;Spain;Argentina;0;0;0;0;0;0;0;0;api.fifa.com+derived-known-zero
104;959;Emiliano MARTINEZ;Argentina;Spain;1;120;11;0;1;0;0;0;api.fifa.com+espn.com
104;937;Juan MUSSO;Argentina;Spain;0;0;0;0;0;0;0;0;api.fifa.com+derived-known-zero
104;948;Geronimo RULLI;Argentina;Spain;0;0;0;0;0;0;0;0;api.fifa.com+derived-known-zero
